Date;Open;High;Low;Close;Adj Close;Volume
29.09.2014;45.980.000;46.560.001;45.759.998;46.439.999;41.571.568;26091000
30.09.2014;46.369.999;46.480.000;46.009.998;46.360.001;41.499.958;33033100
1.10.2014;46.270.000;46.529.999;45.849.998;45.900.002;41.088.188;38088400
2.10.2014;45.830.002;46.099.998;45.639.999;45.759.998;40.962.856;25119400
3.10.2014;45.980.000;46.299.999;45.610.001;46.090.000;41.258.266;32453200
6.10.2014;46.119.999;46.299.999;45.919.998;46.090.000;41.258.266;20604000
7.10.2014;45.860.001;45.930.000;45.419.998;45.529.999;40.756.962;25723700
8.10.2014;45.480.000;46.889.999;45.340.000;46.779.999;41.875.931;33031000
9.10.2014;46.500.000;46.799.999;45.740.002;45.849.998;41.043.427;34422800
10.10.2014;45.599.998;46.119.999;43.950.001;44.029.999;39.414.215;51978100
13.10.2014;43.820.000;44.560.001;43.490.002;43.650.002;39.074.055;37100200
14.10.2014;43.869.999;44.380.001;43.560.001;43.730.000;39.145.676;38115700
15.10.2014;43.000.000;43.389.999;42.099.998;43.220.001;38.689.137;60218700
16.10.2014;42.529.999;43.080.002;42.220.001;42.740.002;38.259.464;49040400
17.10.2014;43.200.001;43.939.999;42.790.001;43.630.001;39.056.164;40683300
20.10.2014;43.060.001;44.139.999;42.810.001;44.080.002;39.458.977;34527900
21.10.2014;44.360.001;44.980.000;44.189.999;44.880.001;40.175.110;36433800
22.10.2014;45.000.000;45.070.000;44.230.000;44.380.001;39.727.531;33570900
23.10.2014;44.619.999;45.450.001;44.529.999;45.020.000;40.300.430;45451900
24.10.2014;46.830.002;46.900.002;45.180.000;46.130.001;41.294.075;61076700
27.10.2014;45.709.999;46.099.998;45.709.999;45.910.000;41.097.130;30371300
28.10.2014;45.860.001;46.500.000;45.770.000;46.490.002;41.616.329;29049800
29.10.2014;46.439.999;46.700.001;46.340.000;46.619.999;41.732.697;30276100
30.10.2014;46.320.000;46.320.000;45.770.000;46.049.999;41.222.458;30073900
31.10.2014;46.939.999;46.970.001;46.480.000;46.950.001;42.028.111;35849700
3.11.2014;46.889.999;47.459.999;46.730.000;47.439.999;42.466.732;23130400
4.11.2014;47.299.999;47.730.000;47.250.000;47.570.000;42.583.115;21530800
5.11.2014;47.799.999;47.900.002;47.259.998;47.860.001;42.842.709;22449600
6.11.2014;47.860.001;48.860.001;47.790.001;48.700.001;43.594.646;33037800
7.11.2014;48.919.998;48.919.998;48.290.001;48.680.000;43.576.752;28000600
10.11.2014;48.650.002;49.150.002;48.549.999;48.889.999;43.764.729;36370100
11.11.2014;48.849.998;48.950.001;48.650.002;48.869.999;43.746.830;23445200
12.11.2014;48.560.001;48.919.998;48.520.000;48.779.999;43.666.264;22722100
13.11.2014;48.810.001;49.650.002;48.709.999;49.610.001;44.409.256;26210400
14.11.2014;49.740.002;50.049.999;49.389.999;49.580.002;44.382.393;29081700
17.11.2014;49.410.000;49.709.999;49.139.999;49.459.999;44.274.975;30318600
18.11.2014;49.130.001;49.330.002;48.700.001;48.740.002;43.905.632;23995500
19.11.2014;48.660.000;48.750.000;47.930.000;48.220.001;43.437.222;26177500
20.11.2014;48.000.000;48.700.001;47.869.999;48.700.001;43.869.606;21510600
21.11.2014;49.020.000;49.049.999;47.570.000;47.980.000;43.221.031;42884800
24.11.2014;47.990.002;48.000.000;47.389.999;47.590.000;42.869.705;35434200
25.11.2014;47.660.000;47.970.001;47.450.001;47.470.001;42.761.612;28008000
26.11.2014;47.490.002;47.990.002;47.279.999;47.750.000;43.013.840;27163600
28.11.2014;47.950.001;48.200.001;47.610.001;47.810.001;43.067.890;21534400
1.12.2014;47.880.001;48.779.999;47.709.999;48.619.999;43.797.543;31191600
2.12.2014;48.840.000;49.049.999;48.200.001;48.459.999;43.653.416;25773500
3.12.2014;48.439.999;48.500.000;47.810.001;48.080.002;43.311.108;23534800
4.12.2014;48.389.999;49.060.001;48.200.001;48.840.000;43.995.720;30320400
5.12.2014;48.820.000;48.970.001;48.380.001;48.419.998;43.617.382;27313400
8.12.2014;48.259.998;48.349.998;47.450.001;47.700.001;42.968.800;26663100
9.12.2014;47.110.001;47.919.998;47.049.999;47.590.000;42.869.705;24330500
10.12.2014;47.580.002;47.660.000;46.700.001;46.900.002;42.248.138;30431800
11.12.2014;47.080.002;47.740.002;46.680.000;47.169.998;42.491.364;29060400
12.12.2014;46.779.999;47.730.000;46.669.998;46.950.001;42.293.186;34248400
15.12.2014;47.200.001;47.669.998;46.549.999;46.669.998;42.040.955;29247800
16.12.2014;45.900.002;46.340.000;45.130.001;45.160.000;40.680.733;47801400
17.12.2014;45.049.999;45.950.001;44.900.002;45.740.002;41.203.209;34970900
18.12.2014;46.580.002;47.520.000;46.340.000;47.520.000;42.806.644;40105600
19.12.2014;47.630.001;48.099.998;47.169.998;47.660.000;42.932.766;64551200
22.12.2014;47.779.999;48.119.999;47.709.999;47.980.000;43.221.031;26566000
23.12.2014;48.369.999;48.799.999;48.130.001;48.450.001;43.644.402;23648100
24.12.2014;48.639.999;48.639.999;48.080.002;48.139.999;43.365.158;11437800
26.12.2014;48.410.000;48.410.000;47.820.000;47.880.001;43.130.943;13197800
29.12.2014;47.700.001;47.779.999;47.259.998;47.450.001;42.743.599;14439500
30.12.2014;47.439.999;47.619.999;46.840.000;47.020.000;42.356.247;16384700
31.12.2014;46.730.000;47.439.999;46.450.001;46.450.001;41.842.781;21552500
2.01.2015;46.660.000;47.419.998;46.540.001;46.759.998;42.122.040;27913900
5.01.2015;46.369.999;46.730.000;46.250.000;46.330.002;41.734.680;39673900
6.01.2015;46.380.001;46.750.000;45.540.001;45.650.002;41.122.128;36447900
7.01.2015;45.980.000;46.459.999;45.490.002;46.230.000;41.644.604;29114100
8.01.2015;46.750.000;47.750.000;46.720.001;47.590.000;42.869.705;29645200
9.01.2015;47.610.001;47.820.000;46.900.002;47.189.999;42.509.384;23944200
12.01.2015;47.419.998;47.540.001;46.360.001;46.599.998;41.977.894;23651900
13.01.2015;46.970.001;47.910.000;46.060.001;46.360.001;41.761.707;35270600
14.01.2015;45.959.999;46.240.002;45.619.999;45.959.999;41.401.379;29719600
15.01.2015;46.220.001;46.380.001;45.410.000;45.480.000;40.968.994;32750800
16.01.2015;45.310.001;46.279.999;45.169.998;46.240.002;41.653.610;35695300
20.01.2015;46.299.999;46.650.002;45.570.000;46.389.999;41.788.723;36161900
21.01.2015;45.939.999;46.139.999;45.480.000;45.919.998;41.365.345;39081100
22.01.2015;46.380.001;47.139.999;46.080.002;47.130.001;42.455.330;35898000
23.01.2015;47.360.001;47.389.999;46.799.999;47.180.000;42.500.378;26211600
26.01.2015;47.000.000;47.130.001;46.240.002;47.009.998;42.347.233;42525500
27.01.2015;42.950.001;43.200.001;42.110.001;42.660.000;38.428.696;169164000
28.01.2015;42.740.002;42.790.001;41.160.000;41.189.999;37.104.500;84507100
29.01.2015;40.930.000;42.119.999;40.790.001;42.009.998;37.843.174;63585300
30.01.2015;41.549.999;41.580.002;40.349.998;40.400.002;36.392.864;78004900
2.02.2015;40.590.000;41.369.999;40.230.000;41.279.999;37.185.577;50352500
3.02.2015;41.630.001;41.930.000;41.049.999;41.599.998;37.473.843;52082400
4.02.2015;41.939.999;42.209.999;41.360.001;41.840.000;37.690.033;41614800
5.02.2015;42.220.001;42.639.999;41.860.001;42.450.001;38.239.532;36548200
6.02.2015;42.680.000;42.790.001;42.150.002;42.410.000;38.203.495;34616600
9.02.2015;42.240.002;42.740.002;42.209.999;42.360.001;38.158.447;31381100
10.02.2015;42.740.002;42.770.000;42.180.000;42.599.998;38.374.645;29670700
11.02.2015;42.650.002;42.650.002;42.209.999;42.380.001;38.176.479;38262500
12.02.2015;42.660.000;43.090.000;42.509.998;43.090.000;38.816.040;33268800
13.02.2015;43.380.001;43.869.999;43.150.002;43.869.999;39.518.677;40264900
17.02.2015;43.970.001;44.000.000;43.189.999;43.580.002;39.536.827;33695700
18.02.2015;43.630.001;43.700.001;43.389.999;43.529.999;39.491.459;27111700
19.02.2015;43.180.000;43.529.999;43.049.999;43.500.000;39.464.249;27603400
20.02.2015;43.509.998;43.880.001;43.290.001;43.860.001;39.790.859;29721100
23.02.2015;43.700.001;44.189.999;43.650.002;44.150.002;40.053.944;32518800
24.02.2015;44.150.002;44.299.999;43.919.998;44.090.000;39.999.516;25271700
25.02.2015;43.950.001;44.090.000;43.799.999;43.990.002;39.908.787;29759800
26.02.2015;43.990.002;44.230.000;43.889.999;44.060.001;39.972.290;28957300
27.02.2015;44.130.001;44.200.001;43.660.000;43.849.998;39.781.765;33807700
2.03.2015;43.669.998;44.189.999;43.549.999;43.880.001;39.808.998;31924000
3.03.2015;43.560.001;43.830.002;43.090.000;43.279.999;39.264.656;31748600
4.03.2015;43.009.998;43.209.999;42.880.001;43.060.001;39.065.071;25748700
5.03.2015;43.070.000;43.240.002;42.820.000;43.110.001;39.110.435;23193500
6.03.2015;43.000.000;43.110.001;42.150.002;42.360.001;38.430.016;36248800
9.03.2015;42.189.999;43.130.001;42.189.999;42.849.998;38.874.557;32108000
10.03.2015;42.349.998;42.709.999;42.029.999;42.029.999;38.130.630;39159700
11.03.2015;42.310.001;42.369.999;41.840.000;41.980.000;38.085.266;32215300
12.03.2015;41.330.002;41.650.002;40.860.001;41.020.000;37.214.340;59992500
13.03.2015;40.700.001;41.470.001;40.610.001;41.380.001;37.540.939;58007700
16.03.2015;41.470.001;41.639.999;41.279.999;41.560.001;37.704.235;35273500
17.03.2015;41.369.999;41.830.002;41.150.002;41.700.001;37.831.245;31673400
18.03.2015;41.430.000;42.830.002;41.330.002;42.500.000;38.557.026;44194800
19.03.2015;42.259.998;42.590.000;42.220.001;42.290.001;38.366.516;33879100
20.03.2015;42.560.001;42.980.000;42.490.002;42.880.001;38.901.772;71904500
23.03.2015;42.880.001;43.130.001;42.779.999;42.860.001;38.883.629;26246100
24.03.2015;42.779.999;43.169.998;42.750.000;42.900.002;38.919.918;25513300
25.03.2015;42.919.998;42.930.000;41.439.999;41.459.999;37.613.514;43469900
26.03.2015;41.220.001;41.610.001;40.919.998;41.209.999;37.386.703;37495600
27.03.2015;41.119.999;41.430.000;40.830.002;40.970.001;37.168.976;34401400
30.03.2015;41.099.998;41.540.001;40.910.000;40.959.999;37.159.908;35049700
31.03.2015;40.779.999;41.029.999;40.540.001;40.660.000;36.887.737;34887200
1.04.2015;40.599.998;40.759.998;40.310.001;40.720.001;36.942.169;36865300
2.04.2015;40.660.000;40.740.002;40.119.999;40.290.001;36.552.055;37487500
6.04.2015;40.340.000;41.779.999;40.180.000;41.549.999;37.695.160;39223700
7.04.2015;41.610.001;41.910.000;41.310.001;41.529.999;37.677.010;28809400
8.04.2015;41.459.999;41.689.999;41.040.001;41.419.998;37.577.217;24753400
9.04.2015;41.250.000;41.619.999;41.250.000;41.480.000;37.631.660;25723900
10.04.2015;41.630.001;41.950.001;41.410.000;41.720.001;37.849.388;28022000
13.04.2015;41.400.002;42.060.001;41.389.999;41.759.998;37.885.674;30276700
14.04.2015;41.799.999;42.029.999;41.389.999;41.650.002;37.785.885;24244400
15.04.2015;41.759.998;42.459.999;41.680.000;42.259.998;38.339.291;27343600
16.04.2015;41.950.001;42.340.000;41.820.000;42.160.000;38.248.569;22509700
17.04.2015;41.669.998;41.740.002;41.160.000;41.619.999;37.758.667;42387600
20.04.2015;41.730.000;43.169.998;41.680.000;42.910.000;38.928.989;46057700
21.04.2015;43.000.000;43.150.002;42.529.999;42.639.999;38.684.036;26013800
22.04.2015;42.669.998;43.130.001;42.549.999;42.990.002;39.001.560;25064300
23.04.2015;42.889.999;43.610.001;42.799.999;43.340.000;39.319.099;46309500
24.04.2015;45.660.000;48.139.999;45.650.002;47.869.999;43.428.814;130933700
27.04.2015;47.230.000;48.130.001;47.220.001;48.029.999;43.573.978;59248200
28.04.2015;47.779.999;49.209.999;47.700.001;49.160.000;44.599.136;60730800
29.04.2015;48.720.001;49.310.001;48.500.000;49.060.001;44.508.415;47804600
30.04.2015;48.700.001;49.540.001;48.599.998;48.639.999;44.127.377;64725500
1.05.2015;48.580.002;48.880.001;48.400.002;48.660.000;44.145.527;38937300
4.05.2015;48.369.999;48.869.999;48.180.000;48.240.002;43.764.496;34039500
5.05.2015;47.820.000;48.160.000;47.310.001;47.599.998;43.183.861;50369200
6.05.2015;47.570.000;47.770.000;46.020.000;46.279.999;41.986.328;52433000
7.05.2015;46.270.000;47.090.000;46.160.000;46.700.001;42.367.367;32971700
8.05.2015;47.549.999;47.980.000;47.520.000;47.750.000;43.319.954;35364900
11.05.2015;47.549.999;47.910.000;47.369.999;47.369.999;42.975.212;24609400
12.05.2015;46.849.998;47.680.000;46.419.998;47.349.998;42.957.066;29928300
13.05.2015;48.189.999;48.320.000;47.570.000;47.630.001;43.211.090;34184600
14.05.2015;48.029.999;48.820.000;48.029.999;48.720.001;44.199.951;32980900
15.05.2015;48.869.999;48.910.000;48.049.999;48.299.999;43.818.920;28642700
18.05.2015;47.980.000;48.220.001;47.610.001;48.009.998;43.555.828;24136500
19.05.2015;47.560.001;47.810.001;47.180.000;47.580.002;43.446.251;28574800
20.05.2015;47.389.999;47.930.000;47.270.000;47.580.002;43.446.251;25047900
21.05.2015;47.279.999;47.599.998;47.009.998;47.419.998;43.300.148;22410700
22.05.2015;47.299.999;47.349.998;46.820.000;46.900.002;42.825.329;25720600
26.05.2015;46.830.002;46.880.001;46.189.999;46.590.000;42.542.263;29581900
27.05.2015;46.820.000;47.770.000;46.619.999;47.610.001;43.473.648;27335600
28.05.2015;47.500.000;48.020.000;47.389.999;47.450.001;43.327.549;19283700
29.05.2015;47.430.000;47.570.000;46.590.000;46.860.001;42.788.803;36519600
1.06.2015;47.060.001;47.770.000;46.619.999;47.230.000;43.126.656;28837300
2.06.2015;46.930.000;47.349.998;46.619.999;46.919.998;42.843.594;21498300
3.06.2015;47.369.999;47.740.002;46.820.000;46.849.998;42.779.675;28002200
4.06.2015;46.790.001;47.160.000;46.200.001;46.360.001;42.332.241;27745500
5.06.2015;46.310.001;46.520.000;45.840.000;46.139.999;42.131.355;25438100
8.06.2015;46.299.999;46.430.000;45.669.998;45.730.000;41.756.981;22121600
9.06.2015;45.759.998;45.939.999;45.459.999;45.650.002;41.683.933;24406100
10.06.2015;45.790.001;46.830.002;45.689.999;46.610.001;42.560.532;28417400
11.06.2015;46.660.000;46.919.998;46.130.001;46.439.999;42.405.289;27347800
12.06.2015;46.220.001;46.470.001;45.900.002;45.970.001;41.976.128;23931000
15.06.2015;45.450.001;45.650.002;45.020.000;45.480.000;41.528.698;33254500
16.06.2015;45.349.998;46.240.002;45.299.999;45.830.002;41.848.297;27070300
17.06.2015;45.730.000;46.070.000;45.360.001;45.970.001;41.976.128;28704100
18.06.2015;46.220.001;46.799.999;46.169.998;46.720.001;42.660.973;32658300
19.06.2015;46.790.001;46.830.002;45.990.002;46.099.998;42.094.841;63837000
22.06.2015;46.330.002;46.720.001;46.160.000;46.230.000;42.213.547;20318100
23.06.2015;46.130.001;46.279.999;45.619.999;45.910.000;41.921.341;25896500
24.06.2015;45.669.998;46.250.000;45.549.999;45.639.999;41.674.797;34890900
25.06.2015;46.029.999;46.060.001;45.500.000;45.650.002;41.683.933;20616000
26.06.2015;45.650.002;46.279.999;45.029.999;45.259.998;41.327.812;49835300
29.06.2015;45.040.001;45.230.000;44.360.001;44.369.999;40.515.144;34081700
30.06.2015;44.709.999;44.720.001;43.939.999;44.150.002;40.314.255;35945400
1.07.2015;44.459.999;45.230.000;44.099.998;44.450.001;40.588.188;28343900
2.07.2015;44.480.000;44.750.000;44.060.001;44.400.002;40.542.530;21752000
6.07.2015;43.959.999;44.480.000;43.950.001;44.389.999;40.533.401;23034000
7.07.2015;44.340.000;44.490.002;43.320.000;44.299.999;40.451.221;36435800
8.07.2015;44.439.999;44.900.002;44.029.999;44.240.002;40.396.439;39785900
9.07.2015;44.750.000;45.220.001;44.500.000;44.520.000;40.652.107;32424700
10.07.2015;45.009.998;45.139.999;44.570.000;44.610.001;40.734.291;25465800
13.07.2015;44.980.000;45.619.999;44.950.001;45.540.001;41.583.492;28178300
14.07.2015;45.450.001;45.959.999;45.310.001;45.619.999;41.656.532;22880300
15.07.2015;45.680.000;45.889.999;45.430.000;45.759.998;41.784.374;26629600
16.07.2015;46.009.998;46.689.999;45.970.001;46.660.000;42.606.182;26271700
17.07.2015;46.549.999;46.779.999;46.259.998;46.619.999;42.569.649;29467100
20.07.2015;46.650.002;47.130.001;46.439.999;46.919.998;42.843.594;30631900
21.07.2015;46.779.999;47.330.002;46.480.000;47.279.999;43.172.314;42781900
22.07.2015;45.439.999;46.930.000;45.200.001;45.540.001;41.583.492;59152400
23.07.2015;45.270.000;46.230.000;45.099.998;46.110.001;42.103.966;33934000
24.07.2015;45.910.000;46.320.000;45.799.999;45.939.999;41.948.730;32333200
27.07.2015;45.939.999;46.009.998;45.250.000;45.349.998;41.409.992;39701400
28.07.2015;45.580.002;45.639.999;44.790.001;45.340.000;41.400.871;34328900
29.07.2015;45.400.002;46.779.999;45.259.998;46.290.001;42.268.326;40945900
30.07.2015;46.259.998;47.400.002;45.930.000;46.880.001;42.807.076;39777900
31.07.2015;47.290.001;47.369.999;46.500.000;46.700.001;42.642.704;31201500
3.08.2015;46.980.000;47.000.000;46.450.001;46.810.001;42.743.153;24125900
4.08.2015;46.750.000;47.709.999;46.680.000;47.540.001;43.409.725;33403900
5.08.2015;47.980.000;48.410.000;47.540.001;47.580.002;43.446.251;26959700
6.08.2015;47.709.999;47.770.000;46.330.002;46.619.999;42.569.649;27368000
7.08.2015;46.389.999;46.779.999;46.259.998;46.740.002;42.679.237;19163000
10.08.2015;46.950.001;47.490.002;46.840.000;47.330.002;43.217.979;23079900
11.08.2015;46.820.000;46.939.999;45.900.002;46.410.000;42.377.899;29237400
12.08.2015;46.189.999;46.900.002;45.709.999;46.740.002;42.679.237;30181400
13.08.2015;47.060.001;47.099.998;46.490.002;46.730.000;42.670.109;22627200
14.08.2015;46.529.999;47.099.998;46.520.000;47.000.000;42.916.637;21473400
17.08.2015;46.810.001;47.450.001;46.570.000;47.320.000;43.208.843;21099700
18.08.2015;46.840.000;47.430.000;46.700.001;47.270.000;43.447.815;23574100
19.08.2015;46.779.999;47.080.002;46.299.999;46.610.001;42.841.194;31485500
20.08.2015;46.070.000;46.470.001;45.660.000;45.660.000;41.967.999;36238200
21.08.2015;45.299.999;45.480.000;43.070.000;43.070.000;39.587.425;70053100
24.08.2015;40.450.001;42.689.999;39.720.001;41.680.000;38.309.822;88753700
25.08.2015;42.570.000;43.240.002;40.389.999;40.470.001;37.197.659;70616600
26.08.2015;42.009.998;42.840.000;41.060.001;42.709.999;39.256.535;63408000
27.08.2015;43.230.000;43.950.001;42.930.000;43.900.002;40.350.307;50943200
28.08.2015;43.400.002;44.150.002;43.389.999;43.930.000;40.377.884;28246700
31.08.2015;43.560.001;43.930.000;43.099.998;43.520.000;40.001.041;34441700
1.09.2015;42.169.998;42.590.000;41.660.000;41.820.000;38.438.499;49688900
2.09.2015;42.360.001;43.380.001;41.880.001;43.360.001;39.853.970;37671500
3.09.2015;43.410.000;43.980.000;43.279.999;43.500.000;39.982.655;28285200
4.09.2015;42.810.001;43.040.001;42.200.001;42.610.001;39.164.623;37138800
8.09.2015;43.299.999;44.000.000;43.200.001;43.889.999;40.341.122;32469800
9.09.2015;44.209.999;44.400.002;42.910.000;43.070.000;39.587.425;33469500
10.09.2015;43.119.999;43.790.001;42.750.000;43.290.001;39.789.639;31366600
11.09.2015;43.139.999;43.590.000;42.939.999;43.480.000;39.964.264;27132500
14.09.2015;43.430.000;43.439.999;42.860.001;43.040.001;39.559.856;23656000
15.09.2015;43.189.999;44.290.001;43.080.002;43.980.000;40.423.840;28882200
16.09.2015;43.970.001;44.380.001;43.840.000;44.299.999;40.717.972;23372200
17.09.2015;44.290.001;45.000.000;44.080.002;44.250.000;40.672.009;32768200
18.09.2015;43.500.000;43.990.002;43.330.002;43.480.000;39.964.264;63143700
21.09.2015;43.619.999;44.470.001;43.599.998;44.110.001;40.543.335;26177200
22.09.2015;43.380.001;44.049.999;43.310.001;43.900.002;40.350.307;28085900
23.09.2015;43.930.000;44.169.998;43.509.998;43.869.999;40.322.735;17145200
24.09.2015;43.450.001;44.130.001;43.270.000;43.910.000;40.359.509;27905600
25.09.2015;44.480.000;44.730.000;43.759.998;43.939.999;40.387.074;29384600
28.09.2015;43.830.002;44.090.000;43.209.999;43.290.001;39.789.639;27613800
29.09.2015;43.369.999;43.570.000;43.049.999;43.439.999;39.927.505;32763600
30.09.2015;43.880.001;44.299.999;43.660.000;44.259.998;40.681.206;34958900
1.10.2015;44.750.000;44.750.000;43.750.000;44.610.001;41.002.899;28657900
2.10.2015;44.270.000;45.570.000;43.919.998;45.570.000;41.885.273;41839000
5.10.2015;45.750.000;46.889.999;45.700.001;46.630.001;42.859.566;34369300
6.10.2015;46.330.002;47.180.000;46.220.001;46.750.000;42.969.864;27017200
7.10.2015;47.099.998;47.349.998;45.950.001;46.799.999;43.015.820;27711500
8.10.2015;46.560.001;47.520.000;46.500.000;47.450.001;43.613.262;33772700
9.10.2015;47.450.001;47.540.001;46.919.998;47.110.001;43.300.755;28600600
12.10.2015;46.980.000;47.070.000;46.500.000;47.000.000;43.199.650;19769100
13.10.2015;46.560.001;47.130.001;46.560.001;46.889.999;43.098.553;19987800
14.10.2015;46.650.002;47.099.998;46.529.999;46.680.000;42.905.529;24697800
15.10.2015;47.009.998;47.029.999;46.529.999;47.009.998;43.208.843;27189400
16.10.2015;47.020.000;47.540.001;46.900.002;47.509.998;43.668.411;26450300
19.10.2015;47.419.998;47.880.001;47.020.000;47.619.999;43.769.520;29387600
20.10.2015;47.439.999;47.810.001;47.020.000;47.770.000;43.907.383;30802200
21.10.2015;47.919.998;47.990.002;47.110.001;47.200.001;43.383.476;25144300
22.10.2015;47.529.999;48.950.001;47.090.000;48.029.999;44.146.370;56637100
23.10.2015;52.299.999;54.070.000;52.250.000;52.869.999;48.595.009;135227100
26.10.2015;52.529.999;54.320.000;52.500.000;54.250.000;49.863.422;64633300
27.10.2015;53.990.002;54.369.999;53.580.002;53.689.999;49.348.709;50999900
28.10.2015;53.540.001;53.980.000;52.860.001;53.980.000;49.615.250;47000800
29.10.2015;53.540.001;53.830.002;53.220.001;53.360.001;49.045.387;30202100
30.10.2015;53.320.000;53.990.002;52.619.999;52.639.999;48.383.606;46619800
2.11.2015;52.849.998;53.360.001;52.619.999;53.240.002;48.935.093;30285000
3.11.2015;52.930.000;54.389.999;52.900.002;54.150.002;49.771.523;36596900
4.11.2015;54.180.000;54.880.001;54.060.001;54.400.002;50.001.301;37087800
5.11.2015;54.490.002;54.700.001;54.000.000;54.380.001;49.982.918;31468500
6.11.2015;54.090.000;54.980.000;53.959.999;54.919.998;50.479.248;32851200
9.11.2015;54.549.999;54.869.999;53.560.001;54.160.000;49.780.704;32513100
10.11.2015;54.070.000;54.130.001;53.270.000;53.509.998;49.183.262;55283700
11.11.2015;53.700.001;54.200.001;53.459.999;53.650.002;49.311.943;36516300
12.11.2015;53.480.000;53.980.000;53.189.999;53.320.000;49.008.629;35361100
13.11.2015;53.070.000;53.290.001;52.529.999;52.840.000;48.567.440;36848200
16.11.2015;53.080.002;53.889.999;52.849.998;53.770.000;49.422.237;32165200
17.11.2015;53.169.998;53.529.999;52.849.998;52.970.001;49.015.099;31551300
18.11.2015;53.000.000;53.980.000;52.980.000;53.849.998;49.829.388;29710000
19.11.2015;53.990.002;54.660.000;53.779.999;53.939.999;49.912.678;28149200
20.11.2015;54.250.000;54.299.999;53.270.000;54.189.999;50.144.005;37147600
23.11.2015;54.250.000;54.459.999;53.750.000;54.189.999;50.144.005;28235900
24.11.2015;53.919.998;54.439.999;53.580.002;54.250.000;50.199.520;24600000
25.11.2015;54.090.000;54.230.000;53.689.999;53.689.999;49.681.332;21005100
27.11.2015;53.799.999;54.080.002;53.790.001;53.930.000;49.903.416;9009100
30.11.2015;54.540.001;54.959.999;54.000.000;54.349.998;50.292.049;56241400
1.12.2015;54.410.000;55.230.000;54.299.999;55.220.001;51.097.107;39952800
2.12.2015;55.320.000;55.959.999;55.060.001;55.209.999;51.087.849;47274900
3.12.2015;55.490.002;55.770.000;53.930.000;54.200.001;50.153.259;38627800
4.12.2015;54.119.999;56.230.000;54.099.998;55.910.000;51.735.580;43963700
7.12.2015;55.790.001;55.970.001;55.290.001;55.810.001;51.643.044;30709800
8.12.2015;55.470.001;56.099.998;54.990.002;55.790.001;51.624.538;32878000
9.12.2015;55.369.999;55.869.999;54.509.998;54.980.000;50.875.023;36373200
10.12.2015;55.389.999;55.660.000;55.009.998;55.270.000;51.143.368;31775800
11.12.2015;54.709.999;55.099.998;54.009.998;54.060.001;50.023.716;39549500
14.12.2015;54.330.002;55.209.999;53.680.000;55.139.999;51.023.075;46768900
15.12.2015;55.660.000;55.900.002;55.090.000;55.200.001;51.078.594;39843000
16.12.2015;55.540.001;56.250.000;54.759.998;56.130.001;51.939.148;37503300
17.12.2015;56.360.001;56.790.001;55.529.999;55.700.001;51.541.260;41280900
18.12.2015;55.770.000;56.000.000;54.029.999;54.130.001;50.088.486;84684200
21.12.2015;54.880.001;55.349.998;54.230.000;54.830.002;50.736.225;37246300
22.12.2015;54.990.002;55.480.000;54.500.000;55.349.998;51.217.388;28322200
23.12.2015;55.700.001;55.880.001;55.439.999;55.820.000;51.652.302;27279800
24.12.2015;55.860.001;55.959.999;55.430.000;55.669.998;51.513.504;9558500
28.12.2015;55.349.998;55.950.001;54.980.000;55.950.001;51.772.598;22458300
29.12.2015;56.290.001;56.849.998;56.060.001;56.549.999;52.327.797;27731400
30.12.2015;56.470.001;56.779.999;56.290.001;56.310.001;52.105.721;21704500
31.12.2015;56.040.001;56.189.999;55.419.998;55.480.000;51.337.688;27334100
4.01.2016;54.320.000;54.799.999;53.389.999;54.799.999;50.708.462;53778000
5.01.2016;54.930.000;55.389.999;54.540.001;55.049.999;50.939.793;34079700
6.01.2016;54.320.000;54.400.002;53.639.999;54.049.999;50.014.458;39518900
7.01.2016;52.700.001;53.490.002;52.070.000;52.169.998;48.274.826;56564900
8.01.2016;52.369.999;53.279.999;52.150.002;52.330.002;48.422.878;48754000
11.01.2016;52.509.998;52.849.998;51.459.999;52.299.999;48.395.107;36943800
12.01.2016;52.759.998;53.099.998;52.060.001;52.779.999;48.839.272;36095500
13.01.2016;53.799.999;54.070.000;51.299.999;51.639.999;47.784.397;66883600
14.01.2016;52.000.000;53.419.998;51.570.000;53.110.001;49.144.646;52381900
15.01.2016;51.310.001;51.970.001;50.340.000;50.990.002;47.182.934;71820700
19.01.2016;51.480.000;51.680.000;50.060.001;50.560.001;46.785.038;43564500
20.01.2016;49.980.000;51.380.001;49.099.998;50.790.001;46.997.856;63273000
21.01.2016;51.000.000;51.580.002;50.299.999;50.480.000;46.710.999;40191200
22.01.2016;51.410.000;52.330.002;51.259.998;52.290.001;48.385.864;37555800
25.01.2016;51.939.999;52.650.002;51.650.002;51.790.001;47.923.195;34707700
26.01.2016;51.790.001;52.439.999;51.549.999;52.169.998;48.274.826;28900800
27.01.2016;52.009.998;52.200.001;51.020.000;51.220.001;47.395.760;36775200
28.01.2016;51.860.001;52.209.999;51.250.000;52.060.001;48.173.035;62513800
29.01.2016;54.730.000;55.090.000;54.000.000;55.090.000;50.976.810;83611700
1.02.2016;54.880.001;55.090.000;54.500.000;54.709.999;50.625.172;44208500
2.02.2016;54.169.998;54.259.998;52.650.002;53.000.000;49.042.854;56313800
3.02.2016;53.250.000;53.389.999;51.259.998;52.160.000;48.265.564;57559800
4.02.2016;52.099.998;52.810.001;51.369.999;52.000.000;48.117.519;46987100
5.02.2016;51.939.999;52.000.000;49.560.001;50.160.000;46.414.902;62009000
8.02.2016;49.549.999;49.570.000;48.189.999;49.410.000;45.720.894;59290500
9.02.2016;49.020.000;50.240.002;48.669.998;49.279.999;45.600.597;46740500
10.02.2016;49.889.999;50.389.999;49.520.000;49.709.999;45.998.493;38237000
11.02.2016;48.680.000;50.110.001;48.509.998;49.689.999;45.979.980;48878600
12.02.2016;50.250.000;50.680.000;49.750.000;50.500.000;46.729.507;34243300
16.02.2016;50.900.002;51.090.000;50.130.001;51.090.000;47.614.883;37291200
17.02.2016;51.490.002;52.770.000;51.450.001;52.419.998;48.854.431;40789000
18.02.2016;52.330.002;52.950.001;52.099.998;52.189.999;48.640.072;27176000
19.02.2016;51.970.001;52.279.999;51.529.999;51.820.000;48.295.238;33559100
22.02.2016;52.279.999;53.000.000;52.279.999;52.650.002;49.068.783;25008300
23.02.2016;52.340.000;52.369.999;50.980.000;51.180.000;47.698.772;28895300
24.02.2016;50.689.999;51.500.000;50.200.001;51.360.001;47.866.531;33014500
25.02.2016;51.730.000;52.099.998;50.610.001;52.099.998;48.556.187;26939500
26.02.2016;52.599.998;52.680.000;51.099.998;51.299.999;47.810.608;35975900
29.02.2016;51.349.998;51.650.002;50.660.000;50.880.001;47.419.174;31654000
1.03.2016;50.970.001;52.590.000;50.919.998;52.580.002;49.003.548;33024500
2.03.2016;52.410.000;52.959.999;52.160.000;52.950.001;49.348.366;29289900
3.03.2016;52.970.001;52.970.001;51.779.999;52.349.998;48.789.185;24427800
4.03.2016;52.400.002;52.450.001;51.709.999;52.029.999;48.490.952;33034200
7.03.2016;51.560.001;51.799.999;50.580.002;51.029.999;47.558.968;38407800
8.03.2016;50.799.999;52.130.001;50.599.998;51.650.002;48.136.799;33835100
9.03.2016;51.889.999;52.849.998;51.860.001;52.840.000;49.245.861;28251600
10.03.2016;52.930.000;52.939.999;51.160.000;52.049.999;48.509.590;38387800
11.03.2016;53.000.000;53.070.000;52.380.001;53.070.000;49.460.213;32275700
14.03.2016;52.709.999;53.590.000;52.630.001;53.169.998;49.553.413;24083600
15.03.2016;52.750.000;53.590.000;52.740.002;53.590.000;49.944.839;21104800
16.03.2016;53.450.001;54.599.998;53.400.002;54.349.998;50.653.141;31691700
17.03.2016;54.209.999;55.000.000;54.000.000;54.660.000;50.942.055;28223900
18.03.2016;54.919.998;54.970.001;53.450.001;53.490.002;49.851.643;67625500
21.03.2016;53.250.000;53.930.000;52.930.000;53.860.001;50.196.476;23925700
22.03.2016;53.610.001;54.250.000;53.459.999;54.070.000;50.392.189;23124100
23.03.2016;54.110.001;54.240.002;53.740.002;53.970.001;50.299.000;20129000
24.03.2016;53.840.000;54.330.002;53.730.000;54.209.999;50.522.675;19950000
28.03.2016;54.209.999;54.290.001;53.330.002;53.540.001;49.898.251;17025100
29.03.2016;53.660.000;54.860.001;53.450.001;54.709.999;50.988.659;23924300
30.03.2016;54.930.000;55.639.999;54.900.002;55.049.999;51.305.534;23008300
31.03.2016;54.950.001;55.590.000;54.860.001;55.230.000;51.473.286;26360500
1.04.2016;55.049.999;55.610.001;54.570.000;55.570.000;51.790.169;24399200
4.04.2016;55.430.000;55.660.000;55.000.000;55.430.000;51.659.695;18928800
5.04.2016;55.189.999;55.299.999;54.459.999;54.560.001;50.848.866;19272300
6.04.2016;54.360.001;55.200.001;54.209.999;55.119.999;51.370.766;21188700
7.04.2016;54.869.999;54.910.000;54.230.000;54.459.999;50.755.665;19225100
8.04.2016;54.669.998;55.279.999;54.320.000;54.419.998;50.718.388;22167200
11.04.2016;54.490.002;55.150.002;54.299.999;54.310.001;50.615.868;21414200
12.04.2016;54.369.999;54.779.999;53.759.998;54.650.002;50.932.743;24944300
13.04.2016;55.119.999;55.439.999;54.889.999;55.349.998;51.585.125;20818000
14.04.2016;55.220.001;55.580.002;55.070.000;55.360.001;51.594.448;20877100
15.04.2016;55.299.999;55.919.998;55.110.001;55.650.002;51.864.723;28793800
18.04.2016;55.490.002;56.590.000;55.209.999;56.459.999;52.619.625;23786000
19.04.2016;56.630.001;56.770.000;55.680.000;56.389.999;52.554.382;29596800
20.04.2016;56.290.001;56.500.000;55.490.002;55.590.000;51.808.811;36195700
21.04.2016;55.799.999;56.230.000;55.419.998;55.779.999;51.985.878;38909100
22.04.2016;51.910.000;52.430.000;50.770.000;51.779.999;48.257.954;126834100
25.04.2016;51.779.999;52.130.001;51.630.001;52.110.001;48.565.510;33226900
26.04.2016;52.259.998;52.349.998;51.090.000;51.439.999;47.941.086;33532600
27.04.2016;51.480.000;51.500.000;50.549.999;50.939.999;47.475.086;43369300
28.04.2016;50.619.999;50.770.000;49.560.001;49.900.002;46.505.840;43134800
29.04.2016;49.349.998;50.250.000;49.349.998;49.869.999;46.477.879;48411700
2.05.2016;50.000.000;50.750.000;49.779.999;50.610.001;47.167.538;33114500
3.05.2016;50.340.000;50.410.000;49.599.998;49.779.999;46.393.993;26460200
4.05.2016;49.840.000;50.060.001;49.459.999;49.869.999;46.477.879;24257600
5.05.2016;49.869.999;50.299.999;49.730.000;49.939.999;46.543.110;25390700
6.05.2016;49.919.998;50.389.999;49.660.000;50.389.999;46.962.502;24787300
9.05.2016;50.490.002;50.590.000;50.000.000;50.070.000;46.664.272;17951600
10.05.2016;50.330.002;51.099.998;50.189.999;51.020.000;47.549.652;22891000
11.05.2016;51.130.001;51.779.999;51.000.000;51.049.999;47.577.610;24039100
12.05.2016;51.200.001;51.810.001;50.919.998;51.509.998;48.006.317;24102800
13.05.2016;51.439.999;51.900.002;51.040.001;51.080.002;47.605.572;22592300
16.05.2016;50.799.999;51.959.999;50.750.000;51.830.002;48.304.558;20032000
17.05.2016;51.720.001;51.730.000;50.360.001;50.509.998;47.403.595;27803500
18.05.2016;50.480.000;51.139.999;50.299.999;50.810.001;47.685.154;24907500
19.05.2016;50.470.001;50.619.999;49.820.000;50.320.000;47.225.281;23842400
20.05.2016;50.480.000;51.220.001;50.400.002;50.619.999;47.506.836;23905800
23.05.2016;50.599.998;50.680.000;49.980.000;50.029.999;46.953.121;26118700
24.05.2016;50.700.001;51.709.999;50.400.002;51.590.000;48.417.183;34757900
25.05.2016;51.919.998;52.490.002;51.790.001;52.119.999;48.914.581;24040200
26.05.2016;51.930.000;51.980.000;51.360.001;51.889.999;48.698.727;24335200
27.05.2016;51.919.998;52.320.000;51.770.000;52.320.000;49.102.283;17721400
31.05.2016;52.259.998;53.000.000;52.080.002;53.000.000;49.740.459;37653100
1.06.2016;52.439.999;52.950.001;52.439.999;52.849.998;49.599.678;25324800
2.06.2016;52.639.999;52.740.002;51.840.000;52.480.000;49.252.441;22840800
3.06.2016;52.380.001;52.419.998;51.599.998;51.790.001;48.604.881;23368300
6.06.2016;51.990.002;52.349.998;51.889.999;52.130.001;48.923.962;18243300
7.06.2016;52.240.002;52.730.000;52.099.998;52.099.998;48.895.805;20866800
8.06.2016;52.020.000;52.439.999;51.869.999;52.040.001;48.839.504;21149400
9.06.2016;52.000.000;52.000.000;51.490.002;51.619.999;48.445.332;20305700
10.06.2016;51.049.999;52.049.999;51.040.001;51.480.000;48.313.942;25833200
13.06.2016;49.580.002;50.720.001;49.060.001;50.139.999;47.056.355;83217800
14.06.2016;49.900.002;50.099.998;49.570.000;49.830.002;46.765.427;42577100
15.06.2016;49.779.999;50.119.999;49.689.999;49.689.999;46.634.026;33757600
16.06.2016;49.520.000;50.470.001;49.509.998;50.389.999;47.290.977;31188600
17.06.2016;50.410.000;50.430.000;49.820.000;50.130.001;47.046.970;45710500
20.06.2016;50.639.999;50.830.002;50.029.999;50.070.000;46.990.658;35607900
21.06.2016;50.200.001;51.430.000;50.160.000;51.189.999;48.041.779;34097800
22.06.2016;51.080.002;51.459.999;50.950.001;50.990.002;47.854.080;28816800
23.06.2016;51.279.999;52.060.001;51.150.002;51.910.000;48.717.491;29028800
24.06.2016;49.810.001;50.939.999;49.520.000;49.830.002;46.765.427;133503000
27.06.2016;49.099.998;49.150.002;48.040.001;48.430.000;45.451.515;50216300
28.06.2016;48.919.998;49.470.001;48.669.998;49.439.999;46.399.406;38140700
29.06.2016;49.910.000;50.720.001;49.799.999;50.540.001;47.431.755;31304000
30.06.2016;50.720.001;51.299.999;50.500.000;51.169.998;48.023.003;28527800
1.07.2016;51.130.001;51.720.001;51.070.000;51.160.000;48.013.626;21400400
5.07.2016;50.830.002;51.279.999;50.740.002;51.169.998;48.023.003;24806400
6.07.2016;50.779.999;51.540.001;50.389.999;51.380.001;48.220.093;28167500
7.07.2016;51.419.998;51.610.001;51.070.000;51.380.001;48.220.093;19585200
8.07.2016;51.730.000;52.360.001;51.549.999;52.299.999;49.083.504;28391000
11.07.2016;52.500.000;52.830.002;52.470.001;52.590.000;49.355.675;22269200
12.07.2016;52.939.999;53.400.002;52.790.001;53.209.999;49.937.550;27317600
13.07.2016;53.560.001;53.860.001;53.180.000;53.509.998;50.219.097;25356800
14.07.2016;53.840.000;53.990.002;53.580.002;53.740.002;50.434.948;24545500
15.07.2016;53.950.001;54.000.000;53.209.999;53.700.001;50.397.408;32024400
18.07.2016;53.700.001;54.340.000;53.549.999;53.959.999;50.641.422;31433900
19.07.2016;53.709.999;53.900.002;52.930.000;53.090.000;49.824.932;53336500
20.07.2016;56.150.002;56.840.000;55.529.999;55.910.000;52.471.493;89893300
21.07.2016;55.980.000;56.230.000;55.759.998;55.799.999;52.368.259;32776700
22.07.2016;56.080.002;56.630.001;55.779.999;56.570.000;53.090.908;32157200
25.07.2016;56.470.001;56.740.002;56.259.998;56.730.000;53.241.066;25610600
26.07.2016;56.520.000;57.290.001;56.509.998;56.759.998;53.269.218;28079000
27.07.2016;56.610.001;56.799.999;56.110.001;56.189.999;52.734.268;32327500
28.07.2016;56.000.000;56.369.999;55.720.001;56.209.999;52.753.044;37550400
29.07.2016;56.259.998;56.759.998;56.049.999;56.680.000;53.194.141;30558700
1.08.2016;56.599.998;56.750.000;56.139.999;56.580.002;53.100.292;26003400
2.08.2016;56.849.998;56.900.002;56.310.001;56.580.002;53.100.292;35122000
3.08.2016;56.680.000;57.110.001;56.490.002;56.970.001;53.466.301;22075600
4.08.2016;56.799.999;57.520.000;56.669.998;57.389.999;53.860.477;26587700
5.08.2016;57.650.002;58.209.999;57.450.001;57.959.999;54.395.412;29335200
8.08.2016;58.060.001;58.090.000;57.779.999;58.060.001;54.489.265;19473500
9.08.2016;58.169.998;58.500.000;58.020.000;58.200.001;54.620.659;16920700
10.08.2016;58.160.000;58.320.000;57.820.000;58.020.000;54.451.729;15756900
11.08.2016;58.029.999;58.450.001;58.029.999;58.299.999;54.714.508;18162300
12.08.2016;58.029.999;58.189.999;57.619.999;57.939.999;54.376.652;21655200
15.08.2016;58.009.998;58.500.000;57.959.999;58.119.999;54.545.574;19283900
16.08.2016;57.610.001;57.619.999;57.270.000;57.439.999;54.243.374;20523500
17.08.2016;57.540.001;57.680.000;57.230.000;57.560.001;54.356.709;18856400
18.08.2016;57.419.998;57.700.001;57.270.000;57.599.998;54.394.482;14214300
19.08.2016;57.430.000;57.730.000;57.200.001;57.619.999;54.413.361;17271000
22.08.2016;57.599.998;57.750.000;57.259.998;57.669.998;54.460.579;15221900
23.08.2016;57.900.002;58.180.000;57.849.998;57.889.999;54.668.339;18732400
24.08.2016;57.799.999;58.040.001;57.720.001;57.950.001;54.724.998;18151500
25.08.2016;57.880.001;58.290.001;57.779.999;58.169.998;54.932.751;18552600
26.08.2016;58.279.999;58.700.001;57.689.999;58.029.999;54.800.556;20971200
29.08.2016;58.180.000;58.599.998;58.099.998;58.099.998;54.866.653;16417200
30.08.2016;57.980.000;58.189.999;57.610.001;57.889.999;54.668.339;16930200
31.08.2016;57.650.002;57.799.999;57.299.999;57.459.999;54.262.272;20860300
1.09.2016;57.009.998;57.820.000;57.009.998;57.590.000;54.385.036;26075400
2.09.2016;57.669.998;58.189.999;57.419.998;57.669.998;54.460.579;18900500
6.09.2016;57.779.999;57.799.999;57.209.999;57.610.001;54.403.927;16278400
7.09.2016;57.470.001;57.840.000;57.410.000;57.660.000;54.451.145;17493400
8.09.2016;57.630.001;57.790.001;57.180.000;57.430.000;54.233.940;20146100
9.09.2016;56.790.001;57.520.000;56.209.999;56.209.999;53.081.837;35113900
12.09.2016;56.000.000;57.209.999;55.610.001;57.049.999;53.875.092;29303000
13.09.2016;56.500.000;56.650.002;56.049.999;56.529.999;53.384.026;30130200
14.09.2016;56.389.999;56.630.001;56.029.999;56.259.998;53.129.059;24062500
15.09.2016;56.150.002;57.349.998;55.980.000;57.189.999;54.007.294;26847000
16.09.2016;57.630.001;57.630.001;56.750.000;57.250.000;54.063.961;44607000
19.09.2016;57.270.000;57.750.000;56.849.998;56.930.000;53.761.768;20937100
20.09.2016;57.349.998;57.349.998;56.750.000;56.810.001;53.648.449;17384000
21.09.2016;57.509.998;57.849.998;57.080.002;57.759.998;54.545.574;33707300
22.09.2016;57.919.998;58.000.000;57.630.001;57.820.000;54.602.234;19822200
23.09.2016;57.869.999;57.910.000;57.380.001;57.430.000;54.233.940;19955300
26.09.2016;57.080.002;57.139.999;56.830.002;56.900.002;53.733.440;21688700
27.09.2016;56.930.000;58.060.001;56.680.000;57.950.001;54.724.998;28065100
28.09.2016;57.880.001;58.060.001;57.669.998;58.029.999;54.800.556;20536400
29.09.2016;57.810.001;58.169.998;57.209.999;57.400.002;54.205.612;25463500
30.09.2016;57.570.000;57.770.000;57.340.000;57.599.998;54.394.482;29910800
3.10.2016;57.410.000;57.549.999;57.060.001;57.419.998;54.224.495;19189500
4.10.2016;57.270.000;57.599.998;56.970.001;57.240.002;54.054.520;20085900
5.10.2016;57.290.001;57.959.999;57.259.998;57.639.999;54.432.255;16726400
6.10.2016;57.740.002;57.860.001;57.279.999;57.740.002;54.526.691;16212600
7.10.2016;57.849.998;57.980.000;57.419.998;57.799.999;54.583.347;20089000
10.10.2016;57.910.000;58.389.999;57.869.999;58.040.001;54.809.998;18196500
11.10.2016;57.889.999;58.020.000;56.889.999;57.189.999;54.007.294;26497400
12.10.2016;57.110.001;57.270.000;56.400.002;57.110.001;53.931.747;22177500
13.10.2016;56.700.001;57.299.999;56.320.000;56.919.998;53.752.323;25313700
14.10.2016;57.119.999;57.740.002;57.119.999;57.419.998;54.224.495;27402500
17.10.2016;57.360.001;57.459.999;56.869.999;57.220.001;54.035.629;23830000
18.10.2016;57.529.999;57.950.001;57.410.000;57.660.000;54.451.145;19149500
19.10.2016;57.470.001;57.840.000;57.400.002;57.529.999;54.328.369;22878400
20.10.2016;57.500.000;57.520.000;56.660.000;57.250.000;54.063.961;49455600
21.10.2016;60.279.999;60.450.001;59.490.002;59.660.000;56.339.844;80032200
24.10.2016;59.939.999;61.000.000;59.930.000;61.000.000;57.605.263;54067000
25.10.2016;60.849.998;61.369.999;60.799.999;60.990.002;57.595.825;35137200
26.10.2016;60.810.001;61.200.001;60.470.001;60.630.001;57.255.852;29911600
27.10.2016;60.610.001;60.830.002;60.090.000;60.099.998;56.755.356;28479900
28.10.2016;60.009.998;60.520.000;59.580.002;59.869.999;56.538.151;33574700
31.10.2016;60.160.000;60.419.998;59.919.998;59.919.998;56.585.373;26434700
1.11.2016;59.970.001;60.020.000;59.250.000;59.799.999;56.472.046;24533000
2.11.2016;59.820.000;59.930.000;59.299.999;59.430.000;56.122.639;22147000
3.11.2016;59.529.999;59.639.999;59.110.001;59.209.999;55.914.879;21600400
4.11.2016;58.650.002;59.279.999;58.520.000;58.709.999;55.442.707;28697000
7.11.2016;59.779.999;60.520.000;59.779.999;60.419.998;57.057.541;31664800
8.11.2016;60.549.999;60.779.999;60.150.002;60.470.001;57.104.767;22935400
9.11.2016;60.000.000;60.590.000;59.200.001;60.169.998;56.821.453;49632500
10.11.2016;60.480.000;60.490.002;57.630.001;58.700.001;55.433.270;57822400
11.11.2016;58.230.000;59.119.999;58.009.998;59.020.000;55.735.462;38767800
14.11.2016;59.020.000;59.080.002;57.279.999;58.119.999;54.885.536;41328400
15.11.2016;58.330.002;59.490.002;58.320.000;58.869.999;55.969.379;35904100
16.11.2016;58.939.999;59.660.000;58.810.001;59.650.002;56.710.949;27332500
17.11.2016;60.410.000;60.950.001;59.970.001;60.639.999;57.652.164;32132700
18.11.2016;60.779.999;61.139.999;60.299.999;60.349.998;57.376.446;27686300
21.11.2016;60.500.000;60.970.001;60.419.998;60.860.001;57.861.324;19652600
22.11.2016;60.980.000;61.259.998;60.810.001;61.119.999;58.108.501;23206700
23.11.2016;61.009.998;61.099.998;60.250.000;60.400.002;57.423.992;21848900
25.11.2016;60.299.999;60.529.999;60.130.001;60.529.999;57.547.577;8409600
28.11.2016;60.340.000;61.020.000;60.209.999;60.610.001;57.623.638;20732600
29.11.2016;60.650.002;61.410.000;60.520.000;61.090.000;58.079.990;22366700
30.11.2016;60.860.001;61.180.000;60.220.001;60.259.998;57.290.874;34655400
1.12.2016;60.110.001;60.150.002;58.939.999;59.200.001;56.283.112;34542100
2.12.2016;59.080.002;59.470.001;58.799.999;59.250.000;56.330.643;25515700
5.12.2016;59.700.001;60.590.000;59.560.001;60.220.001;57.252.861;23552700
6.12.2016;60.430.000;60.459.999;59.799.999;59.950.001;56.996.159;19907000
7.12.2016;60.009.998;61.380.001;59.799.999;61.369.999;58.346.195;30809000
8.12.2016;61.299.999;61.580.002;60.840.000;61.009.998;58.003.925;21220800
9.12.2016;61.180.000;61.990.002;61.130.001;61.970.001;58.916.634;27349400
12.12.2016;61.820.000;62.299.999;61.720.001;62.169.998;59.106.773;20198100
13.12.2016;62.500.000;63.419.998;62.240.002;62.980.000;59.876.858;35718900
14.12.2016;63.000.000;63.450.001;62.529.999;62.680.000;59.591.648;30352700
15.12.2016;62.700.001;63.150.002;62.299.999;62.580.002;59.496.574;27669900
16.12.2016;62.950.001;62.950.001;62.119.999;62.299.999;59.230.362;42453100
19.12.2016;62.560.001;63.770.000;62.419.998;63.619.999;60.485.325;34338200
20.12.2016;63.689.999;63.799.999;63.029.999;63.540.001;60.409.275;26028400
21.12.2016;63.430.000;63.700.001;63.119.999;63.540.001;60.409.275;17096300
22.12.2016;63.840.000;64.099.998;63.410.000;63.549.999;60.418.777;22176600
23.12.2016;63.450.001;63.540.001;62.799.999;63.240.002;60.124.058;12403800
27.12.2016;63.209.999;64.070.000;63.209.999;63.279.999;60.162.071;11763200
28.12.2016;63.400.002;63.400.002;62.830.002;62.990.002;59.886.375;14653300
29.12.2016;62.860.001;63.200.001;62.730.000;62.900.002;59.800.812;10250600
30.12.2016;62.959.999;62.990.002;62.029.999;62.139.999;59.078.251;25579900
3.01.2017;62.790.001;62.840.000;62.130.001;62.580.002;59.496.574;20694100
4.01.2017;62.480.000;62.750.000;62.119.999;62.299.999;59.230.362;21340000
5.01.2017;62.189.999;62.660.000;62.029.999;62.299.999;59.230.362;24876000
6.01.2017;62.299.999;63.150.002;62.040.001;62.840.000;59.743.763;19922900
9.01.2017;62.759.998;63.080.002;62.540.001;62.639.999;59.553.616;20382700
10.01.2017;62.730.000;63.070.000;62.279.999;62.619.999;59.534.603;18593000
11.01.2017;62.610.001;63.230.000;62.430.000;63.189.999;60.076.519;21517300
12.01.2017;63.060.001;63.400.002;61.950.001;62.610.001;59.525.097;20968200
13.01.2017;62.619.999;62.869.999;62.349.998;62.700.001;59.610.664;19422300
17.01.2017;62.680.000;62.700.001;62.029.999;62.529.999;59.449.032;20664000
18.01.2017;62.669.998;62.700.001;62.119.999;62.500.000;59.420.517;19670100
19.01.2017;62.240.002;62.980.000;62.200.001;62.299.999;59.230.362;18451700
20.01.2017;62.669.998;62.820.000;62.369.999;62.740.002;59.648.685;30213500
23.01.2017;62.700.001;63.119.999;62.570.000;62.959.999;59.857.845;23097600
24.01.2017;63.200.001;63.740.002;62.939.999;63.520.000;60.390.259;24672900
25.01.2017;63.950.001;64.099.998;63.450.001;63.680.000;60.542.374;23672700
26.01.2017;64.120.003;64.540.001;63.549.999;64.269.997;61.103.298;43554600
27.01.2017;65.389.999;65.910.004;64.889.999;65.779.999;62.538.902;44818000
30.01.2017;65.690.002;65.790.001;64.800.003;65.129.997;61.920.921;31651400
31.01.2017;64.860.001;65.150.002;64.260.002;64.650.002;61.464.577;25270500
1.02.2017;64.360.001;64.620.003;63.470.001;63.580.002;60.447.304;39671500
2.02.2017;63.250.000;63.410.000;62.750.000;63.169.998;60.057.503;45827000
3.02.2017;63.500.000;63.700.001;63.070.000;63.680.000;60.542.374;30301800
6.02.2017;63.500.000;63.650.002;63.139.999;63.639.999;60.504.345;19796400
7.02.2017;63.740.002;63.779.999;63.230.000;63.430.000;60.304.691;20277200
8.02.2017;63.570.000;63.810.001;63.220.001;63.340.000;60.219.131;18096400
9.02.2017;63.520.000;64.440.002;63.320.000;64.059.998;60.903.652;22644400
10.02.2017;64.250.000;64.300.003;63.980.000;64.000.000;60.846.611;18170700
13.02.2017;64.239.998;64.860.001;64.129.997;64.720.001;61.531.136;22920100
14.02.2017;64.410.004;64.720.001;64.019.997;64.570.000;61.760.693;23108400
15.02.2017;64.500.000;64.570.000;64.160.004;64.529.999;61.722.424;17005200
16.02.2017;64.739.998;65.239.998;64.440.002;64.519.997;61.712.856;20546300
17.02.2017;64.470.001;64.690.002;64.300.003;64.620.003;61.808.517;21248800
21.02.2017;64.610.001;64.949.997;64.449.997;64.489.998;61.684.166;20655900
22.02.2017;64.330.002;64.389.999;64.050.003;64.360.001;61.559.826;19292700
23.02.2017;64.419.998;64.730.003;64.190.002;64.620.003;61.808.517;20273100
24.02.2017;64.529.999;64.800.003;64.139.999;64.620.003;61.808.517;21796800
27.02.2017;64.540.001;64.540.001;64.050.003;64.230.003;61.435.486;15871500
28.02.2017;64.080.002;64.199.997;63.759.998;63.980.000;61.196.365;23239800
1.03.2017;64.129.997;64.989.998;64.019.997;64.940.002;62.114.594;26937500
2.03.2017;64.690.002;64.750.000;63.880.001;64.010.002;61.225.063;24539600
3.03.2017;63.990.002;64.279.999;63.619.999;64.250.000;61.454.613;18135900
6.03.2017;63.970.001;64.559.998;63.810.001;64.269.997;61.473.736;18750300
7.03.2017;64.190.002;64.779.999;64.190.002;64.400.002;61.598.091;18521000
8.03.2017;64.260.002;65.080.002;64.250.000;64.989.998;62.162.415;21510900
9.03.2017;65.190.002;65.199.997;64.480.003;64.730.003;61.913.727;19846800
10.03.2017;65.110.001;65.260.002;64.750.000;64.930.000;62.105.022;19538200
13.03.2017;65.010.002;65.190.002;64.570.000;64.709.999;61.894.596;20100000
14.03.2017;64.529.999;64.550.003;64.150.002;64.410.004;61.607.651;14280200
15.03.2017;64.550.003;64.919.998;64.250.000;64.750.000;61.932.861;24833800
16.03.2017;64.750.000;64.760.002;64.300.003;64.639.999;61.827.648;20674300
17.03.2017;64.910.004;65.239.998;64.680.000;64.870.003;62.047.638;49219700
20.03.2017;64.910.004;65.180.000;64.720.001;64.930.000;62.105.022;14598100
21.03.2017;65.190.002;65.500.000;64.129.997;64.209.999;61.416.351;26640500
22.03.2017;64.120.003;65.139.999;64.120.003;65.029.999;62.200.676;20680000
23.03.2017;64.940.002;65.239.998;64.769.997;64.870.003;62.047.638;19269200
24.03.2017;65.360.001;65.449.997;64.760.002;64.980.003;62.152.859;22617100
27.03.2017;64.629.997;65.220.001;64.349.998;65.099.998;62.267.620;18614700
28.03.2017;64.959.999;65.470.001;64.650.002;65.290.001;62.449.368;20080400
29.03.2017;65.120.003;65.500.000;64.949.997;65.470.001;62.621.529;13618400
30.03.2017;65.419.998;65.980.003;65.360.001;65.709.999;62.851.093;15122800
31.03.2017;65.650.002;66.190.002;65.449.997;65.860.001;62.994.560;21040300
3.04.2017;65.809.998;65.940.002;65.190.002;65.550.003;62.698.048;20400900
4.04.2017;65.389.999;65.809.998;65.279.999;65.730.003;62.870.228;12997400
5.04.2017;66.300.003;66.349.998;65.440.002;65.559.998;62.707.611;21448600
6.04.2017;65.599.998;66.059.998;65.480.003;65.730.003;62.870.228;18103500
7.04.2017;65.849.998;65.959.999;65.440.002;65.680.000;62.822.403;14108500
10.04.2017;65.610.001;65.820.000;65.360.001;65.529.999;62.678.928;17952700
11.04.2017;65.599.998;65.610.001;64.849.998;65.480.003;62.631.100;18791500
12.04.2017;65.419.998;65.510.002;65.110.001;65.230.003;62.391.968;17108500
13.04.2017;65.290.001;65.860.001;64.949.997;64.949.997;62.124.149;17896500
17.04.2017;65.040.001;65.489.998;65.010.002;65.480.003;62.631.100;16689300
18.04.2017;65.330.002;65.709.999;65.160.004;65.389.999;62.545.021;15155600
19.04.2017;65.650.002;65.750.000;64.889.999;65.040.001;62.210.243;26992800
20.04.2017;65.459.999;65.750.000;65.139.999;65.500.000;62.650.234;22299500
21.04.2017;65.669.998;66.699.997;65.449.997;66.400.002;63.511.070;32522600
24.04.2017;67.480.003;67.660.004;67.099.998;67.529.999;64.591.896;29770000
25.04.2017;67.900.002;68.040.001;67.599.998;67.919.998;64.964.943;30242700
26.04.2017;68.080.002;68.309.998;67.620.003;67.830.002;64.878.853;26190800
27.04.2017;68.150.002;68.379.997;67.580.002;68.269.997;65.299.713;34971000
28.04.2017;68.910.004;69.139.999;67.690.002;68.459.999;65.481.438;39548800
1.05.2017;68.680.000;69.550.003;68.500.000;69.410.004;66.390.121;31954400
2.05.2017;69.709.999;69.709.999;69.129.997;69.300.003;66.284.897;23906100
3.05.2017;69.379.997;69.379.997;68.709.999;69.080.002;66.074.478;28928000
4.05.2017;69.029.999;69.080.002;68.639.999;68.809.998;65.816.223;21749400
5.05.2017;68.900.002;69.029.999;68.489.998;69.000.000;65.997.940;19128800
8.05.2017;68.970.001;69.050.003;68.419.998;68.940.002;65.940.567;18566100
9.05.2017;68.860.001;69.279.999;68.680.000;69.040.001;66.036.217;22858400
10.05.2017;68.989.998;69.559.998;68.919.998;69.309.998;66.294.464;17977800
11.05.2017;68.360.001;68.730.003;68.120.003;68.459.999;65.481.438;28789400
12.05.2017;68.610.001;68.610.001;68.040.001;68.379.997;65.404.922;18714100
15.05.2017;68.139.999;68.480.003;67.570.000;68.430.000;65.452.744;31530300
16.05.2017;68.230.003;69.440.002;68.160.004;69.410.004;66.770.653;34956000
17.05.2017;68.889.999;69.099.998;67.430.000;67.480.003;64.914.047;30548800
18.05.2017;67.400.002;68.129.997;67.139.999;67.709.999;65.135.292;25201300
19.05.2017;67.500.000;68.099.998;67.430.000;67.690.002;65.116.051;26961100
22.05.2017;67.889.999;68.500.000;67.500.000;68.449.997;65.847.145;16237600
23.05.2017;68.720.001;68.750.000;68.379.997;68.680.000;66.068.413;15425800
24.05.2017;68.870.003;68.879.997;68.449.997;68.769.997;66.154.999;14593900
25.05.2017;68.970.001;69.879.997;68.910.004;69.620.003;66.972.672;21854100
26.05.2017;69.800.003;70.220.001;69.519.997;69.959.999;67.299.736;19827900
30.05.2017;69.790.001;70.410.004;69.769.997;70.410.004;67.732.635;17072800
31.05.2017;70.529.999;70.739.998;69.809.998;69.839.996;67.184.303;30436400
1.06.2017;70.239.998;70.610.001;69.449.997;70.099.998;67.434.410;21603600
2.06.2017;70.440.002;71.860.001;70.239.998;71.760.002;69.031.296;34770300
5.06.2017;71.970.001;72.889.999;71.809.998;72.279.999;69.531.525;33316800
6.06.2017;72.300.003;72.620.003;72.269.997;72.519.997;69.762.383;31511100
7.06.2017;72.639.999;72.769.997;71.949.997;72.389.999;69.637.344;22301800
8.06.2017;72.510.002;72.519.997;71.500.000;71.949.997;69.214.073;24588300
9.06.2017;72.040.001;72.080.002;68.589.996;70.320.000;67.646.049;49187400
12.06.2017;69.250.000;69.940.002;68.129.997;69.779.999;67.126.595;47761700
13.06.2017;70.019.997;70.820.000;69.959.999;70.650.002;67.963.501;25258600
14.06.2017;70.910.004;71.099.998;69.430.000;70.269.997;67.597.946;25510700
15.06.2017;69.269.997;70.209.999;68.800.003;69.900.002;67.242.035;26068700
16.06.2017;69.730.003;70.029.999;69.220.001;70.000.000;67.338.226;48345100
19.06.2017;70.500.000;70.940.002;70.349.998;70.870.003;68.175.140;23798300
20.06.2017;70.820.000;70.870.003;69.870.003;69.910.004;67.251.640;21512200
21.06.2017;70.209.999;70.620.003;69.940.002;70.269.997;67.597.946;19891100
22.06.2017;70.540.001;70.589.996;69.709.999;70.260.002;67.588.326;22965700
23.06.2017;70.089.996;71.250.000;69.919.998;71.209.999;68.502.213;27617300
26.06.2017;71.400.002;71.709.999;70.440.002;70.529.999;67.848.068;19607000
27.06.2017;70.110.001;70.180.000;69.180.000;69.209.999;66.578.262;25215100
28.06.2017;69.209.999;69.839.996;68.790.001;69.800.003;67.145.828;25806200
29.06.2017;69.379.997;69.489.998;68.089.996;68.489.998;65.885.651;28918700
30.06.2017;68.779.999;69.379.997;68.739.998;68.930.000;66.308.907;24161100
3.07.2017;69.330.002;69.599.998;68.019.997;68.169.998;65.577.812;16165500
5.07.2017;68.260.002;69.440.002;68.220.001;69.080.002;66.453.201;21176300
6.07.2017;68.269.997;68.779.999;68.120.003;68.570.000;65.962.593;21117600
7.07.2017;68.699.997;69.839.996;68.699.997;69.459.999;66.818.756;16878300
10.07.2017;69.459.999;70.250.000;69.199.997;69.980.003;67.318.993;15014500
11.07.2017;70.000.000;70.680.000;69.750.000;69.989.998;67.328.598;17460000
12.07.2017;70.690.002;71.279.999;70.550.003;71.150.002;68.444.496;17750900
13.07.2017;71.500.000;72.040.001;71.309.998;71.769.997;69.040.909;20269800
14.07.2017;72.239.998;73.269.997;71.959.999;72.779.999;70.012.505;25868100
17.07.2017;72.800.003;73.449.997;72.720.001;73.349.998;70.560.837;21803900
18.07.2017;73.089.996;73.389.999;72.660.004;73.300.003;70.512.741;26435300
19.07.2017;73.500.000;74.040.001;73.449.997;73.860.001;71.051.437;22416200
20.07.2017;74.180.000;74.300.003;73.279.999;74.220.001;71.397.751;42361000
21.07.2017;73.449.997;74.290.001;73.169.998;73.790.001;70.984.100;46717100
24.07.2017;73.529.999;73.750.000;73.129.997;73.599.998;70.801.331;21394800
25.07.2017;73.800.003;74.309.998;73.500.000;74.190.002;71.368.896;22018700
26.07.2017;74.339.996;74.379.997;73.809.998;74.050.003;71.234.230;16252200
27.07.2017;73.760.002;74.419.998;72.320.000;73.160.004;70.378.075;36844200
28.07.2017;72.669.998;73.309.998;72.540.001;73.040.001;70.262.627;18306700
31.07.2017;73.300.003;73.440.002;72.410.004;72.699.997;69.935.555;23600100
1.08.2017;73.099.998;73.419.998;72.489.998;72.580.002;69.820.122;22132300
2.08.2017;72.550.003;72.559.998;71.440.002;72.260.002;69.512.291;26499200
3.08.2017;72.190.002;72.440.002;71.849.998;72.150.002;69.406.471;18214400
4.08.2017;72.400.002;73.040.001;72.239.998;72.680.000;69.916.306;22579000
7.08.2017;72.800.003;72.900.002;72.260.002;72.400.002;69.646.973;18705700
8.08.2017;72.089.996;73.129.997;71.750.000;72.790.001;70.022.141;22044600
9.08.2017;72.250.000;72.510.002;72.050.003;72.470.001;69.714.302;22213400
10.08.2017;71.900.002;72.190.002;71.349.998;71.410.004;68.694.618;24734500
11.08.2017;71.610.001;72.699.997;71.279.999;72.500.000;69.743.149;21443700
14.08.2017;73.059.998;73.720.001;72.949.997;73.589.996;70.791.695;20096600
15.08.2017;73.589.996;73.589.996;73.040.001;73.220.001;70.811.058;19181400
16.08.2017;73.339.996;74.099.998;73.169.998;73.650.002;71.226.906;18150400
17.08.2017;73.580.002;73.870.003;72.400.002;72.400.002;70.018.028;22977500
18.08.2017;72.269.997;72.839.996;71.930.000;72.489.998;70.105.072;18761500
21.08.2017;72.470.001;72.480.003;71.699.997;72.150.002;69.776.245;17734800
22.08.2017;72.349.998;73.239.998;72.349.998;73.160.004;70.753.029;14343700
23.08.2017;72.959.999;73.150.002;72.529.999;72.720.001;70.327.507;13766500
24.08.2017;72.739.998;72.860.001;72.070.000;72.690.002;70.298.492;17098300
25.08.2017;72.860.001;73.349.998;72.480.003;72.820.000;70.424.217;12794300
28.08.2017;73.059.998;73.089.996;72.550.003;72.830.002;70.433.891;14569700
29.08.2017;72.250.000;73.160.004;72.050.003;73.050.003;70.646.645;11478400
30.08.2017;73.010.002;74.209.999;72.830.002;74.010.002;71.575.050;16897800
31.08.2017;74.029.999;74.959.999;73.800.003;74.769.997;72.310.051;27652800
1.09.2017;74.709.999;74.739.998;73.639.999;73.940.002;71.507.362;21736200
5.09.2017;73.339.996;73.889.999;72.980.003;73.610.001;71.188.217;21556000
6.09.2017;73.739.998;74.040.001;73.349.998;73.400.002;70.985.130;16535800
7.09.2017;73.680.000;74.599.998;73.599.998;74.339.996;71.894.203;17471200
8.09.2017;74.330.002;74.440.002;73.839.996;73.980.003;71.546.036;14703800
11.09.2017;74.309.998;74.940.002;74.309.998;74.760.002;72.300.392;17910400
12.09.2017;74.760.002;75.239.998;74.370.003;74.680.000;72.223.022;14394900
13.09.2017;74.930.000;75.230.003;74.550.003;75.209.999;72.735.580;13380800
14.09.2017;75.000.000;75.489.998;74.519.997;74.769.997;72.310.051;15733900
15.09.2017;74.830.002;75.389.999;74.070.000;75.309.998;72.832.283;38578400
18.09.2017;75.230.003;75.970.001;75.040.001;75.160.004;72.687.225;23307000
19.09.2017;75.209.999;75.709.999;75.010.002;75.440.002;72.958.008;16093300
20.09.2017;75.349.998;75.550.003;74.309.998;74.940.002;72.474.472;21587900
21.09.2017;75.110.001;75.239.998;74.110.001;74.209.999;71.768.478;19186100
22.09.2017;73.989.998;74.510.002;73.849.998;74.410.004;71.961.906;14111400
25.09.2017;74.089.996;74.250.000;72.919.998;73.260.002;70.849.724;24149200
26.09.2017;73.669.998;73.809.998;72.989.998;73.260.002;70.849.724;18019600
27.09.2017;73.550.003;74.169.998;73.169.998;73.849.998;71.420.326;19565100
28.09.2017;73.540.001;73.970.001;73.309.998;73.870.003;71.439.667;10883800
29.09.2017;73.940.002;74.540.001;73.879.997;74.489.998;72.039.268;17079100
2.10.2017;74.709.999;75.010.002;74.300.003;74.610.001;72.155.319;15304800
3.10.2017;74.669.998;74.879.997;74.190.002;74.260.002;71.816.841;12190400
4.10.2017;74.089.996;74.720.001;73.709.999;74.690.002;72.232.697;13317700
5.10.2017;75.220.001;76.120.003;74.959.999;75.970.001;73.470.573;21195300
6.10.2017;75.669.998;76.029.999;75.540.001;76.000.000;73.499.580;13959800
9.10.2017;75.970.001;76.550.003;75.860.001;76.290.001;73.780.052;11386500
10.10.2017;76.330.002;76.629.997;76.139.999;76.290.001;73.780.052;13944500
11.10.2017;76.360.001;76.459.999;75.949.997;76.419.998;73.905.769;15388900
12.10.2017;76.489.998;77.290.001;76.370.003;77.120.003;74.582.748;16876500
13.10.2017;77.589.996;77.870.003;77.290.001;77.489.998;74.940.567;15335700
16.10.2017;77.419.998;77.809.998;77.349.998;77.650.002;75.095.306;12380100
17.10.2017;77.470.001;77.620.003;77.250.000;77.589.996;75.037.262;16824000
18.10.2017;77.669.998;77.849.998;77.370.003;77.610.001;75.056.618;13300700
19.10.2017;77.570.000;77.930.000;77.349.998;77.910.004;75.346.748;15092800
20.10.2017;78.320.000;78.970.001;78.220.001;78.809.998;76.217.140;22866400
23.10.2017;78.989.998;79.339.996;78.760.002;78.830.002;76.236.488;20627200
24.10.2017;78.900.002;79.199.997;78.459.999;78.860.001;76.265.511;17517200
25.10.2017;78.580.002;79.099.998;78.010.002;78.629.997;76.043.053;20410800
26.10.2017;79.199.997;79.419.998;78.750.000;78.760.002;76.168.777;32120700
27.10.2017;84.370.003;86.199.997;83.610.001;83.809.998;81.052.635;71066700
30.10.2017;83.699.997;84.330.002;83.110.001;83.889.999;81.130.005;31756700
31.10.2017;84.360.001;84.360.001;83.110.001;83.180.000;80.443.352;27086600
1.11.2017;83.680.000;83.760.002;82.879.997;83.180.000;80.443.352;22307400
2.11.2017;83.349.998;84.459.999;83.120.003;84.050.003;81.284.744;23992900
3.11.2017;84.080.002;84.540.001;83.400.002;84.139.999;81.371.788;17633500
6.11.2017;84.199.997;84.699.997;84.080.002;84.470.001;81.690.926;19860900
7.11.2017;84.769.997;84.900.002;83.930.000;84.269.997;81.497.498;17939700
8.11.2017;84.139.999;84.610.001;83.830.002;84.559.998;81.777.962;18034200
9.11.2017;84.110.001;84.269.997;82.900.002;84.089.996;81.323.418;21178400
10.11.2017;83.790.001;84.099.998;83.230.003;83.870.003;81.110.680;19397800
13.11.2017;83.660.004;83.940.002;83.459.999;83.930.000;81.168.694;14196900
14.11.2017;83.500.000;84.099.998;82.980.003;84.050.003;81.284.744;18801300
15.11.2017;83.470.001;83.690.002;82.690.002;82.980.003;80.652.969;19383100
16.11.2017;83.099.998;83.419.998;82.940.002;83.199.997;80.866.798;20962800
17.11.2017;83.120.003;83.120.003;82.239.998;82.400.002;80.089.226;22079000
20.11.2017;82.400.002;82.589.996;82.250.000;82.529.999;80.215.591;16315000
21.11.2017;82.739.998;83.839.996;82.739.998;83.720.001;81.372.231;21237500
22.11.2017;83.830.002;83.900.002;83.040.001;83.110.001;80.779.327;20553100
24.11.2017;83.010.002;83.430.000;82.779.999;83.260.002;80.925.125;7425600
27.11.2017;83.309.998;83.980.003;83.300.003;83.870.003;81.518.021;18265200
28.11.2017;84.070.000;85.059.998;84.019.997;84.879.997;82.499.680;21926000
29.11.2017;84.709.999;84.919.998;83.180.000;83.339.996;81.002.876;27381100
30.11.2017;83.510.002;84.519.997;83.339.996;84.169.998;81.809.601;33054600
1.12.2017;83.599.998;84.809.998;83.220.001;84.260.002;81.897.079;29532100
4.12.2017;84.419.998;84.430.000;80.699.997;81.080.002;78.806.252;39094900
5.12.2017;81.339.996;82.680.000;80.980.003;81.589.996;79.301.933;26152300
6.12.2017;81.550.003;83.139.999;81.430.000;82.779.999;80.458.580;26162100
7.12.2017;82.540.001;82.800.003;82.000.000;82.489.998;80.176.704;23184500
8.12.2017;83.629.997;84.580.002;83.330.002;84.160.004;81.799.881;24489100
11.12.2017;84.290.001;85.370.003;84.120.003;85.230.003;82.839.882;22857900
12.12.2017;85.309.998;86.050.003;85.080.002;85.580.002;83.180.061;23924100
13.12.2017;85.739.998;86.000.000;85.169.998;85.349.998;82.956.505;22062700
14.12.2017;85.430.000;85.870.003;84.529.999;84.690.002;82.315.025;19306000
15.12.2017;85.260.002;87.089.996;84.879.997;86.849.998;84.414.436;53936700
18.12.2017;87.120.003;87.500.000;86.230.003;86.379.997;83.957.619;22283800
19.12.2017;86.349.998;86.349.998;85.269.997;85.830.002;83.423.050;23524800
20.12.2017;86.199.997;86.300.003;84.709.999;85.519.997;83.121.735;23674900
21.12.2017;86.050.003;86.099.998;85.400.002;85.500.000;83.102.303;17990700
22.12.2017;85.400.002;85.629.997;84.919.998;85.510.002;83.112.022;14145800
26.12.2017;85.309.998;85.529.999;85.029.999;85.400.002;83.005.104;9891200
27.12.2017;85.650.002;85.980.003;85.220.001;85.709.999;83.306.412;14678000
28.12.2017;85.900.002;85.930.000;85.550.003;85.720.001;83.316.124;10594300
29.12.2017;85.629.997;86.050.003;85.500.000;85.540.001;83.141.182;18717400
2.01.2018;86.129.997;86.309.998;85.500.000;85.949.997;83.539.680;22483800
3.01.2018;86.059.998;86.510.002;85.970.001;86.349.998;83.928.474;26061400
4.01.2018;86.589.996;87.660.004;86.570.000;87.110.001;84.667.145;21912000
5.01.2018;87.660.004;88.410.004;87.430.000;88.190.002;85.716.881;23407100
8.01.2018;88.199.997;88.580.002;87.599.998;88.279.999;85.804.337;22113000
9.01.2018;88.650.002;88.730.003;87.860.001;88.220.001;85.746.025;19484300
10.01.2018;87.860.001;88.190.002;87.410.004;87.820.000;85.357.239;18652200
11.01.2018;88.129.997;88.129.997;87.239.998;88.080.002;85.609.947;17808900
12.01.2018;88.669.998;89.779.999;88.449.997;89.599.998;87.087.334;24271500
16.01.2018;90.099.998;90.790.001;88.010.002;88.349.998;85.872.368;36599700
17.01.2018;89.080.002;90.279.999;88.750.000;90.139.999;87.612.183;25621200
18.01.2018;89.800.003;90.669.998;89.660.004;90.099.998;87.573.303;24159700
19.01.2018;90.139.999;90.610.001;89.660.004;90.000.000;87.476.105;36875000
22.01.2018;90.000.000;91.620.003;89.739.998;91.610.001;89.040.962;23601600
23.01.2018;91.900.002;92.300.003;91.540.001;91.900.002;89.322.823;23412800
24.01.2018;92.550.003;93.430.000;91.580.002;91.820.000;89.245.064;33277500
25.01.2018;92.470.001;93.239.998;91.930.000;92.330.002;89.740.768;26383200
26.01.2018;93.120.003;94.059.998;92.580.002;94.059.998;91.422.256;29172200
29.01.2018;95.139.999;95.449.997;93.720.001;93.919.998;91.286.179;31569900
30.01.2018;93.300.003;93.660.004;92.099.998;92.739.998;90.139.259;38635100
31.01.2018;93.750.000;95.400.002;93.510.002;95.010.002;92.345.612;48756300
1.02.2018;94.790.001;96.070.000;93.580.002;94.260.002;91.616.646;47227900
2.02.2018;93.639.999;93.970.001;91.500.000;91.779.999;89.206.184;47867800
5.02.2018;90.559.998;93.239.998;88.000.000;88.000.000;85.532.188;51031500
6.02.2018;86.889.999;91.480.003;85.250.000;91.330.002;88.768.806;67998600
7.02.2018;90.489.998;91.769.997;89.199.997;89.610.001;87.097.038;41107600
8.02.2018;89.709.999;89.879.997;84.760.002;85.010.002;82.626.045;55628700
9.02.2018;86.300.003;88.930.000;83.830.002;88.180.000;85.707.153;63499100
12.02.2018;88.739.998;89.779.999;87.930.000;89.129.997;86.630.493;35720300
13.02.2018;88.930.000;90.000.000;87.800.003;89.830.002;87.310.875;26407700
14.02.2018;88.510.002;90.989.998;88.410.004;90.809.998;88.678.009;34960900
15.02.2018;91.209.999;92.720.001;90.620.003;92.660.004;90.484.581;27823900
16.02.2018;92.449.997;93.500.000;91.800.003;92.000.000;89.840.065;30596900
20.02.2018;91.480.003;93.059.998;91.010.002;92.720.001;90.543.159;30911700
21.02.2018;92.980.003;93.360.001;91.489.998;91.489.998;89.342.033;26922500
22.02.2018;92.050.003;92.730.003;91.360.001;91.730.003;89.576.408;24392800
23.02.2018;93.599.998;94.070.000;92.360.001;94.059.998;91.851.700;26329200
26.02.2018;94.400.002;95.449.997;94.250.000;95.419.998;93.179.771;30199800
27.02.2018;95.739.998;95.839.996;94.199.997;94.199.997;91.988.403;25869100
28.02.2018;94.839.996;95.709.999;93.629.997;93.769.997;91.568.520;31167300
1.03.2018;93.989.998;94.570.000;91.839.996;92.849.998;90.670.113;37135600
2.03.2018;91.580.002;93.150.002;90.860.001;93.050.003;90.865.417;32830400
5.03.2018;92.339.996;94.269.997;92.260.002;93.639.999;91.441.551;23901600
6.03.2018;94.339.996;94.489.998;92.940.002;93.320.000;91.129.082;22175800
7.03.2018;93.160.004;93.940.002;92.430.000;93.860.001;91.656.403;26716100
8.03.2018;94.269.997;95.099.998;93.769.997;94.430.000;92.213.013;25887800
9.03.2018;95.290.001;96.540.001;95.000.000;96.540.001;94.273.476;36937300
12.03.2018;96.500.000;97.209.999;96.040.001;96.769.997;94.498.077;26073700
13.03.2018;97.000.000;97.239.998;93.970.001;94.410.004;92.193.489;35387800
14.03.2018;95.120.003;95.410.004;93.500.000;93.849.998;91.646.629;32132000
15.03.2018;93.529.999;94.580.002;92.830.002;94.180.000;91.968.895;27611000
16.03.2018;94.680.000;95.379.997;93.919.998;94.599.998;92.379.021;49081300
19.03.2018;93.739.998;93.900.002;92.110.001;92.889.999;90.709.175;33344100
20.03.2018;93.050.003;93.769.997;93.000.000;93.129.997;90.943.542;23075200
21.03.2018;92.930.000;94.050.003;92.209.999;92.480.003;90.308.800;24457100
22.03.2018;91.269.997;91.750.000;89.660.004;89.790.001;87.681.946;38604700
23.03.2018;89.500.000;90.459.999;87.080.002;87.180.000;85.133.224;44068900
26.03.2018;90.610.001;94.000.000;90.400.002;93.779.999;91.578.270;56396800
27.03.2018;94.940.002;95.139.999;88.510.002;89.470.001;87.369.469;56569000
28.03.2018;89.820.000;91.230.003;88.870.003;89.389.999;87.291.344;52501100
29.03.2018;90.180.000;92.290.001;88.400.002;91.269.997;89.127.190;45867500
2.04.2018;90.470.001;90.879.997;87.510.002;88.519.997;86.441.757;48515400
3.04.2018;89.580.002;90.050.003;87.889.999;89.709.999;87.603.821;37213800
4.04.2018;87.849.998;92.760.002;87.730.003;92.330.002;90.162.323;35560000
5.04.2018;92.440.002;93.070.000;91.400.002;92.379.997;90.211.143;29771900
6.04.2018;91.489.998;92.459.999;89.480.003;90.230.003;88.111.626;38026000
9.04.2018;91.040.001;93.169.998;90.620.003;90.769.997;88.638.939;31533900
10.04.2018;92.389.999;93.279.999;91.639.999;92.879.997;90.699.394;26812000
11.04.2018;92.010.002;93.290.001;91.480.003;91.860.001;89.703.362;24872100
12.04.2018;92.430.000;94.160.004;92.430.000;93.580.002;91.382.973;26758900
13.04.2018;94.050.003;94.180.000;92.440.002;93.080.002;90.894.714;23346100
16.04.2018;94.070.000;94.660.004;93.419.998;94.169.998;91.959.106;20288100
17.04.2018;95.000.000;96.540.001;94.879.997;96.070.000;93.814.514;26771000
18.04.2018;96.220.001;96.720.001;95.519.997;96.440.002;94.175.827;21043300
19.04.2018;96.440.002;97.070.000;95.339.996;96.110.001;93.853.577;23552500
20.04.2018;95.910.004;96.110.001;94.050.003;95.000.000;92.769.630;31154400
23.04.2018;95.739.998;96.290.001;94.629.997;95.349.998;93.111.412;22331800
24.04.2018;96.239.998;96.470.001;92.410.004;93.120.003;90.933.769;34524800
25.04.2018;93.300.003;93.300.003;90.279.999;92.309.998;90.142.799;33729300
26.04.2018;93.550.003;95.150.002;93.099.998;94.260.002;92.047.012;42529000
27.04.2018;97.599.998;97.900.002;93.910.004;95.820.000;93.570.381;48272800
30.04.2018;96.330.002;96.400.002;93.150.002;93.519.997;91.324.371;41523600
1.05.2018;93.209.999;95.290.001;92.790.001;95.000.000;92.769.630;31408900
2.05.2018;94.989.998;95.169.998;93.190.002;93.510.002;91.314.621;27471000
3.05.2018;92.959.999;94.930.000;92.449.997;94.070.000;91.861.473;31142500
4.05.2018;93.320.000;95.370.003;92.919.998;95.160.004;92.925.873;22531300
7.05.2018;95.169.998;96.709.999;95.099.998;96.220.001;93.960.991;24242000
8.05.2018;95.849.998;96.160.004;95.059.998;95.809.998;93.560.616;23484600
9.05.2018;96.010.002;96.970.001;95.050.003;96.940.002;94.664.101;27327400
10.05.2018;97.459.999;97.949.997;97.050.003;97.910.004;95.611.313;22388100
11.05.2018;97.800.003;97.870.003;97.040.001;97.699.997;95.406.250;16778300
14.05.2018;97.919.998;98.690.002;97.309.998;98.029.999;95.728.493;19454100
15.05.2018;97.239.998;97.849.998;96.339.996;97.320.000;95.035.164;24594000
16.05.2018;97.360.001;97.400.002;96.620.003;97.150.002;95.280.350;17384700
17.05.2018;96.760.002;97.540.001;95.830.002;96.180.000;94.329.018;17246700
18.05.2018;96.010.002;96.930.000;96.010.002;96.360.001;94.505.569;17865800
21.05.2018;97.000.000;98.010.002;96.800.003;97.599.998;95.721.695;19422500
22.05.2018;97.680.000;98.169.998;97.199.997;97.500.000;95.623.627;15441200
23.05.2018;96.709.999;98.730.003;96.320.000;98.660.004;96.761.292;21251200
24.05.2018;98.730.003;98.940.002;96.809.998;98.309.998;96.418.030;26649300
25.05.2018;98.300.003;98.980.003;97.860.001;98.360.001;96.467.072;18363900
29.05.2018;97.839.996;98.879.997;97.230.003;98.010.002;96.123.802;28671000
30.05.2018;98.309.998;99.250.000;97.910.004;98.949.997;97.045.715;22158500
31.05.2018;99.290.001;99.989.998;98.610.001;98.839.996;96.937.828;34140900
1.06.2018;99.279.999;100.860.001;99.169.998;100.790.001;98.850.311;28655600
4.06.2018;101.260.002;101.860.001;100.849.998;101.669.998;99.713.371;27281600
5.06.2018;102.000.000;102.330.002;101.529.999;102.190.002;100.223.366;23514400
6.06.2018;102.480.003;102.599.998;101.900.002;102.489.998;100.517.586;21122900
7.06.2018;102.650.002;102.690.002;100.379.997;100.879.997;98.938.568;28232200
8.06.2018;101.089.996;101.949.997;100.540.001;101.629.997;99.674.141;22165100
11.06.2018;101.010.002;101.589.996;100.669.998;101.050.003;99.105.301;23490900
12.06.2018;101.099.998;101.449.997;100.750.000;101.309.998;99.360.298;18325200
13.06.2018;101.720.001;102.010.002;100.559.998;100.849.998;98.909.149;29492900
14.06.2018;101.650.002;102.029.999;101.000.000;101.419.998;99.468.178;25691800
15.06.2018;101.510.002;101.529.999;100.070.000;100.129.997;98.203.003;65738600
18.06.2018;100.010.002;101.110.001;99.419.998;100.860.001;98.918.961;23586000
19.06.2018;99.650.002;101.000.000;99.500.000;100.860.001;98.918.961;28653100
20.06.2018;101.370.003;102.519.997;101.120.003;101.870.003;99.909.523;26180800
21.06.2018;102.080.002;102.459.999;100.879.997;101.139.999;99.193.573;23198200
22.06.2018;100.410.004;100.769.997;99.629.997;100.410.004;98.477.631;38923100
25.06.2018;100.000.000;100.110.001;97.300.003;98.389.999;96.496.490;35433300
26.06.2018;98.820.000;100.080.002;98.750.000;99.080.002;97.173.225;26897200
27.06.2018;99.580.002;100.019.997;97.400.002;97.540.001;95.662.849;31298400
28.06.2018;97.379.997;99.110.001;97.260.002;98.629.997;96.731.873;26650700
29.06.2018;98.930.000;99.910.004;98.330.002;98.610.001;96.712.257;28053200
2.07.2018;98.099.998;100.059.998;98.000.000;100.010.002;98.085.312;19564500
3.07.2018;100.480.003;100.629.997;98.940.002;99.050.003;97.143.799;14670300
5.07.2018;99.500.000;99.919.998;99.029.999;99.760.002;97.840.126;18977400
6.07.2018;99.889.999;101.430.000;99.669.998;101.160.004;99.213.196;19234600
9.07.2018;101.650.002;102.250.000;101.250.000;101.849.998;99.889.900;18212000
10.07.2018;102.000.000;102.510.002;101.860.001;102.120.003;100.154.709;19293100
11.07.2018;101.150.002;102.339.996;101.099.998;101.980.003;100.017.410;19644600
12.07.2018;102.769.997;104.410.004;102.730.003;104.190.002;102.184.883;24335900
13.07.2018;104.370.003;105.599.998;104.089.996;105.430.000;103.401.009;24635200
16.07.2018;105.400.002;105.820.000;104.519.997;104.910.004;102.891.022;21786900
17.07.2018;104.610.001;106.500.000;104.320.000;105.949.997;103.910.988;25901700
18.07.2018;105.940.002;106.050.003;104.720.001;105.120.003;103.096.977;29493900
19.07.2018;104.930.000;105.309.998;103.889.999;104.400.002;102.390.823;40171600
20.07.2018;108.080.002;108.199.997;106.080.002;106.269.997;104.224.838;56004000
23.07.2018;106.300.003;108.139.999;106.129.997;107.970.001;105.892.128;29707000
24.07.2018;108.570.000;108.820.000;107.260.002;107.660.004;105.588.097;26316600
25.07.2018;107.959.999;111.150.002;107.599.998;110.830.002;108.697.083;30702100
26.07.2018;110.739.998;111.000.000;109.500.000;109.620.003;107.510.376;31372100
27.07.2018;110.180.000;110.180.000;106.139.999;107.680.000;105.607.712;37005300
30.07.2018;107.190.002;107.529.999;104.760.002;105.370.003;103.342.163;34668300
31.07.2018;106.489.998;106.720.001;105.379.997;106.080.002;104.038.513;27655200
1.08.2018;106.029.999;106.449.997;105.419.998;106.279.999;104.234.650;23628700
2.08.2018;105.400.002;108.089.996;104.839.996;107.570.000;105.499.832;26104300
3.08.2018;107.800.003;108.050.003;106.820.000;108.040.001;105.960.777;18659600
6.08.2018;108.120.003;108.419.998;107.559.998;108.129.997;106.049.042;20265900
7.08.2018;108.559.998;109.099.998;108.169.998;108.879.997;106.784.607;16080200
8.08.2018;109.330.002;109.750.000;108.760.002;109.489.998;107.382.874;15487500
9.08.2018;109.709.999;110.160.004;109.599.998;109.669.998;107.559.402;13677200
10.08.2018;109.419.998;109.690.002;108.379.997;109.000.000;106.902.306;18183700
13.08.2018;109.239.998;109.580.002;108.099.998;108.209.999;106.127.502;18472500
14.08.2018;108.559.998;109.750.000;108.040.001;109.559.998;107.451.530;16788300
15.08.2018;108.489.998;108.989.998;106.820.000;107.660.004;105.994.431;29982800
16.08.2018;108.300.003;108.860.001;107.300.003;107.639.999;105.974.731;21384300
17.08.2018;107.360.001;107.900.002;106.690.002;107.580.002;105.915.665;18061500
20.08.2018;107.510.002;107.900.002;106.480.003;106.870.003;105.216.652;17914200
21.08.2018;106.919.998;107.349.998;105.849.998;105.980.003;104.340.416;22881900
22.08.2018;105.849.998;107.339.996;105.779.999;107.059.998;105.403.702;18000600
23.08.2018;107.150.002;108.180.000;106.870.003;107.559.998;105.895.966;18167700
24.08.2018;107.669.998;108.559.998;107.559.998;108.400.002;106.722.969;17234000
27.08.2018;109.269.997;109.639.999;108.510.002;109.599.998;107.904.411;19662300
28.08.2018;109.940.002;110.500.000;109.790.001;110.260.002;108.554.207;19151500
29.08.2018;110.449.997;112.029.999;110.269.997;112.019.997;110.286.972;20818000
30.08.2018;111.669.998;112.610.001;111.440.002;111.949.997;110.218.056;22798700
31.08.2018;111.690.002;112.779.999;111.519.997;112.330.002;110.592.186;23222700
4.09.2018;110.849.998;111.959.999;110.220.001;111.709.999;109.981.766;22634600
5.09.2018;111.010.002;111.419.998;108.099.998;108.489.998;106.811.584;32872400
6.09.2018;108.250.000;108.989.998;107.510.002;108.739.998;107.057.709;23477600
7.09.2018;108.230.003;108.720.001;107.230.003;108.209.999;106.535.919;22498600
10.09.2018;108.839.996;109.639.999;108.360.001;109.379.997;107.687.813;20727900
11.09.2018;108.900.002;111.589.996;108.889.999;111.239.998;109.519.043;24301800
12.09.2018;111.430.000;111.849.998;110.510.002;111.709.999;109.981.766;18891100
13.09.2018;112.120.003;113.730.003;112.120.003;112.910.004;111.163.208;26055600
14.09.2018;113.360.001;113.730.003;112.440.002;113.370.003;111.616.089;19122300
17.09.2018;113.690.002;113.699.997;111.860.001;112.139.999;110.405.121;20736500
18.09.2018;112.190.002;113.699.997;111.720.001;113.209.999;111.458.572;22170900
19.09.2018;113.050.003;113.320.000;111.040.001;111.699.997;109.971.924;21728400
20.09.2018;112.279.999;113.800.003;111.930.000;113.570.000;111.812.996;23714500
21.09.2018;114.000.000;115.290.001;113.510.002;114.260.002;112.492.317;71229700
24.09.2018;113.029.999;114.900.002;112.220.001;114.669.998;112.895.973;27334500
25.09.2018;114.800.003;115.099.998;113.750.000;114.449.997;112.679.375;22668000
26.09.2018;114.470.001;115.059.998;113.739.998;113.980.003;112.216.660;19352000
27.09.2018;114.779.999;114.910.004;114.199.997;114.410.004;112.639.999;19091300
28.09.2018;114.190.002;114.570.000;113.680.000;114.370.003;112.600.616;21647800
1.10.2018;114.750.000;115.680.000;114.730.003;115.610.001;113.821.434;18883100
2.10.2018;115.300.003;115.839.996;114.440.002;115.150.002;113.368.553;20787200
3.10.2018;115.419.998;116.180.000;114.930.000;115.169.998;113.388.237;16648000
4.10.2018;114.610.001;114.760.002;111.629.997;112.790.001;111.045.067;34821700
5.10.2018;112.629.997;113.169.998;110.639.999;112.129.997;110.395.264;29068900
8.10.2018;111.660.004;112.029.999;109.339.996;110.849.998;109.135.078;29640600
9.10.2018;111.139.999;113.080.002;110.800.003;112.260.002;110.523.254;26198600
10.10.2018;111.239.998;111.500.000;105.790.001;106.160.004;104.517.632;61376300
11.10.2018;105.349.998;108.930.000;104.199.997;105.910.004;104.271.507;63904300
12.10.2018;109.010.002;111.239.998;107.120.003;109.570.000;107.874.870;47742100
15.10.2018;108.910.004;109.480.003;106.949.997;107.599.998;105.935.349;32068100
16.10.2018;109.540.001;111.410.004;108.949.997;111.000.000;109.282.745;31610200
17.10.2018;111.680.000;111.809.998;109.550.003;110.709.999;108.997.238;26548200
18.10.2018;110.099.998;110.529.999;107.830.002;108.500.000;106.821.426;32506200
19.10.2018;108.930.000;110.860.001;108.209.999;108.660.004;106.978.958;32785500
22.10.2018;109.320.000;110.540.001;108.239.998;109.629.997;107.933.945;26545600
23.10.2018;107.769.997;108.970.001;105.110.001;108.099.998;106.427.612;43770400
24.10.2018;108.410.004;108.489.998;101.589.996;102.320.000;100.737.038;63897800
25.10.2018;106.550.003;109.269.997;106.150.002;108.300.003;106.624.535;61646800
26.10.2018;105.690.002;108.750.000;104.760.002;106.959.999;105.305.260;55523100
29.10.2018;108.110.001;108.699.997;101.629.997;103.849.998;102.243.370;55162000
30.10.2018;103.660.004;104.379.997;100.110.001;103.730.003;102.125.237;65350900
31.10.2018;105.440.002;108.139.999;105.389.999;106.809.998;105.157.578;51062400
1.11.2018;107.050.003;107.320.000;105.529.999;105.919.998;104.281.342;33384200
2.11.2018;106.480.003;107.320.000;104.980.003;106.160.004;104.517.632;37680200
5.11.2018;106.370.003;107.739.998;105.900.002;107.510.002;105.846.748;27922100
6.11.2018;107.379.997;108.839.996;106.279.999;107.720.001;106.053.505;24340200
7.11.2018;109.440.002;112.239.998;109.400.002;111.959.999;110.227.905;37901700
8.11.2018;111.800.003;112.209.999;110.910.004;111.750.000;110.021.149;25644100
9.11.2018;110.849.998;111.449.997;108.760.002;109.570.000;107.874.870;32039200
12.11.2018;109.419.998;109.959.999;106.099.998;106.870.003;105.216.652;33621800
13.11.2018;107.550.003;108.739.998;106.639.999;106.940.002;105.285.568;35374600
14.11.2018;108.099.998;108.260.002;104.470.001;104.970.001;103.792.503;39495100
15.11.2018;104.989.998;107.800.003;103.910.004;107.279.999;106.076.599;38505200
16.11.2018;107.080.002;108.879.997;106.800.003;108.290.001;107.075.256;33502100
19.11.2018;108.269.997;108.559.998;103.550.003;104.620.003;103.446.434;44773900
20.11.2018;101.800.003;102.970.001;99.349.998;101.709.999;100.569.077;64052500
21.11.2018;103.599.998;104.430.000;102.239.998;103.110.001;101.953.369;28130600
23.11.2018;102.169.998;103.809.998;102.000.000;103.070.000;101.913.811;13823100
26.11.2018;104.790.001;106.629.997;104.580.002;106.470.001;105.275.681;32336200
27.11.2018;106.269.997;107.330.002;105.360.001;107.139.999;105.938.156;29124500
28.11.2018;107.889.999;111.330.002;107.860.001;111.120.003;109.873.520;46788500
29.11.2018;110.330.002;111.120.003;109.029.999;110.190.002;108.953.957;28123200
30.11.2018;110.699.997;110.970.001;109.360.001;110.889.999;109.646.095;33665600
3.12.2018;113.000.000;113.419.998;110.730.003;112.089.996;110.832.626;34732800
4.12.2018;111.940.002;112.639.999;108.209.999;108.519.997;107.302.681;45197000
6.12.2018;105.820.000;109.239.998;105.000.000;109.190.002;107.965.172;49107400
7.12.2018;108.379.997;109.449.997;104.300.003;104.820.000;103.644.188;45044900
10.12.2018;104.800.003;107.980.003;103.889.999;107.589.996;106.383.110;40801500
11.12.2018;109.800.003;110.949.997;107.440.002;108.589.996;107.371.895;42381900
12.12.2018;110.889.999;111.269.997;109.040.001;109.080.002;107.856.400;36183000
13.12.2018;109.580.002;110.870.003;108.629.997;109.449.997;108.222.252;31333400
14.12.2018;108.250.000;109.260.002;105.500.000;106.029.999;104.840.607;47043100
17.12.2018;105.410.004;105.800.003;101.709.999;102.889.999;101.735.832;56957300
18.12.2018;103.750.000;104.510.002;102.519.997;103.970.001;102.803.719;49319200
19.12.2018;103.650.002;106.879.997;101.349.998;103.690.002;102.526.863;68198200
20.12.2018;103.050.003;104.309.998;98.779.999;101.510.002;100.371.323;70334200
21.12.2018;101.629.997;103.000.000;97.459.999;98.230.003;97.128.105;111242100
24.12.2018;97.680.000;97.970.001;93.980.003;94.129.997;93.074.097;43935200
26.12.2018;95.139.999;100.690.002;93.959.999;100.559.998;99.431.976;51634800
27.12.2018;99.300.003;101.190.002;96.400.002;101.180.000;100.045.013;49498500
28.12.2018;102.089.996;102.410.004;99.519.997;100.389.999;99.263.878;38196300
31.12.2018;101.290.001;102.400.002;100.440.002;101.570.000;100.430.641;33173800
2.01.2019;99.550.003;101.750.000;98.940.002;101.120.003;99.985.695;35329300
3.01.2019;100.099.998;100.190.002;97.199.997;97.400.002;96.307.419;42579100
4.01.2019;99.720.001;102.510.002;98.930.000;101.930.000;100.786.606;44060600
7.01.2019;101.639.999;103.269.997;100.980.003;102.059.998;100.915.146;35656100
8.01.2019;103.040.001;103.970.001;101.709.999;102.800.003;101.646.843;31514400
9.01.2019;103.860.001;104.879.997;103.239.998;104.269.997;103.100.357;32280800
10.01.2019;103.220.001;103.750.000;102.379.997;103.599.998;102.437.866;30067600
11.01.2019;103.190.002;103.440.002;101.639.999;102.800.003;101.646.843;28314200
14.01.2019;101.900.002;102.870.003;101.260.002;102.050.003;100.905.266;28437100
15.01.2019;102.510.002;105.050.003;101.879.997;105.010.002;103.832.062;31587600
16.01.2019;105.260.002;106.260.002;104.959.999;105.379.997;104.197.899;29853900
17.01.2019;105.000.000;106.629.997;104.760.002;106.120.003;104.929.604;28393000
18.01.2019;107.459.999;107.900.002;105.910.004;107.709.999;106.501.762;37427600
22.01.2019;106.750.000;107.099.998;104.860.001;105.680.000;104.494.537;32371300
23.01.2019;106.120.003;107.040.001;105.339.996;106.709.999;105.512.978;25874300
24.01.2019;106.860.001;107.000.000;105.339.996;106.199.997;105.008.705;23164800
25.01.2019;107.239.998;107.879.997;106.199.997;107.169.998;105.967.827;31225600
28.01.2019;106.260.002;106.480.003;104.660.004;105.080.002;103.901.276;29476700
29.01.2019;104.879.997;104.970.001;102.169.998;102.940.002;101.785.278;31490500
30.01.2019;104.620.003;106.379.997;104.330.002;106.379.997;105.186.691;49471900
31.01.2019;103.800.003;105.220.001;103.180.000;104.430.000;103.258.560;55636400
1.02.2019;103.779.999;104.099.998;102.349.998;102.779.999;101.627.075;35535700
4.02.2019;102.870.003;105.800.003;102.769.997;105.739.998;104.553.864;31315100
5.02.2019;106.059.998;107.269.997;105.959.999;107.220.001;106.017.273;27325400
6.02.2019;107.000.000;107.000.000;105.529.999;106.029.999;104.840.607;20609800
7.02.2019;105.190.002;105.589.996;104.290.001;105.269.997;104.089.134;29760700
8.02.2019;104.389.999;105.779.999;104.260.002;105.669.998;104.484.650;21461100
11.02.2019;106.199.997;106.580.002;104.970.001;105.250.000;104.069.366;18914100
12.02.2019;106.139.999;107.139.999;105.480.003;106.889.999;105.690.964;25056600
13.02.2019;107.500.000;107.779.999;106.709.999;106.809.998;105.611.862;18394900
14.02.2019;106.309.998;107.290.001;105.660.004;106.900.002;105.700.859;21784700
15.02.2019;107.910.004;108.300.003;107.360.001;108.220.001;107.006.050;26606900
19.02.2019;107.790.001;108.660.004;107.779.999;108.169.998;106.956.604;18038500
20.02.2019;107.860.001;107.940.002;106.290.001;107.150.002;106.400.528;21607700
21.02.2019;106.900.002;109.480.003;106.870.003;109.410.004;108.644.722;29063200
22.02.2019;110.050.003;111.199.997;109.820.000;110.970.001;110.193.802;27763200
25.02.2019;111.760.002;112.180.000;111.260.002;111.589.996;110.809.464;23750600
26.02.2019;111.260.002;113.239.998;111.169.998;112.360.001;111.574.081;21536700
27.02.2019;111.690.002;112.360.001;110.879.997;112.169.998;111.385.406;21487100
28.02.2019;112.040.001;112.879.997;111.730.003;112.029.999;111.246.384;29083900
1.03.2019;112.889.999;113.019.997;111.669.998;112.529.999;111.742.897;23501200
4.03.2019;113.019.997;113.250.000;110.800.003;112.260.002;111.474.785;26608000
5.03.2019;112.250.000;112.389.999;111.230.003;111.699.997;110.918.694;19538300
6.03.2019;111.870.003;112.660.004;111.430.000;111.750.000;110.968.346;17687000
7.03.2019;111.400.002;111.550.003;109.870.003;110.389.999;109.617.867;25339000
8.03.2019;109.160.004;110.709.999;108.800.003;110.510.002;109.737.022;22818400
11.03.2019;110.989.998;112.949.997;110.980.003;112.830.002;112.040.794;26491600
12.03.2019;112.820.000;113.989.998;112.650.002;113.620.003;112.825.272;26132700
13.03.2019;114.129.997;115.000.000;113.779.999;114.500.000;113.699.112;35513800
14.03.2019;114.540.001;115.199.997;114.330.002;114.589.996;113.788.483;30763400
15.03.2019;115.339.996;117.250.000;114.589.996;115.910.004;115.099.251;54681100
18.03.2019;116.169.998;117.610.001;116.050.003;117.570.000;116.747.635;31207600
19.03.2019;118.089.996;118.440.002;116.989.998;117.650.002;116.827.080;37588700
20.03.2019;117.389.999;118.750.000;116.709.999;117.519.997;116.697.983;28113300
21.03.2019;117.139.999;120.820.000;117.089.996;120.220.001;119.379.105;29854400
22.03.2019;119.500.000;119.589.996;117.040.001;117.050.003;116.231.277;33624500
25.03.2019;116.559.998;118.010.002;116.320.000;117.660.004;116.837.013;27067100
26.03.2019;118.620.003;118.709.999;116.849.998;117.910.004;117.085.266;26097700
27.03.2019;117.879.997;118.209.999;115.519.997;116.769.997;115.953.232;22733400
28.03.2019;117.440.002;117.580.002;116.129.997;116.930.000;116.112.122;18334800
29.03.2019;118.070.000;118.320.000;116.959.999;117.940.002;117.115.051;25399800
1.04.2019;118.949.997;119.110.001;118.099.998;119.019.997;118.187.492;22789100
2.04.2019;119.059.998;119.480.003;118.519.997;119.190.002;118.356.308;18142300
3.04.2019;119.860.001;120.430.000;119.150.002;119.970.001;119.130.852;22860700
4.04.2019;120.099.998;120.230.003;118.379.997;119.360.001;118.525.124;20112800
5.04.2019;119.389.999;120.230.003;119.370.003;119.889.999;119.051.414;15826200
8.04.2019;119.809.998;120.019.997;118.639.999;119.930.000;119.091.133;15116200
9.04.2019;118.629.997;119.540.001;118.580.002;119.279.999;118.445.679;17612000
10.04.2019;119.760.002;120.349.998;119.540.001;120.190.002;119.349.312;16477200
11.04.2019;120.540.001;120.849.998;119.919.998;120.330.002;119.488.342;14209100
12.04.2019;120.639.999;120.980.003;120.370.003;120.949.997;120.103.996;19745100
15.04.2019;120.940.002;121.580.002;120.570.000;121.050.003;120.203.300;15792600
16.04.2019;121.639.999;121.650.002;120.099.998;120.769.997;119.925.255;14071800
17.04.2019;121.239.998;121.849.998;120.540.001;121.769.997;120.918.259;19300900
18.04.2019;122.190.002;123.519.997;121.300.003;123.370.003;122.507.072;27991000
22.04.2019;122.620.003;124.000.000;122.570.000;123.760.002;122.894.341;15648700
23.04.2019;124.099.998;125.580.002;123.830.002;125.440.002;124.562.599;24025500
24.04.2019;125.790.001;125.849.998;124.519.997;125.010.002;124.135.605;31257000
25.04.2019;130.059.998;131.369.995;128.830.002;129.149.994;128.246.643;38033900
26.04.2019;129.699.997;130.520.004;129.020.004;129.889.999;128.981.461;23654900
29.04.2019;129.899.994;130.179.993;129.350.006;129.770.004;128.862.305;16324200
30.04.2019;129.809.998;130.699.997;129.389.999;130.600.006;129.686.493;24166500
1.05.2019;130.529.999;130.649.994;127.699.997;127.879.997;126.985.519;26821700
2.05.2019;127.980.003;128.000.000;125.519.997;126.209.999;125.327.209;27350200
3.05.2019;127.360.001;129.429.993;127.250.000;128.899.994;127.998.383;24911100
6.05.2019;126.389.999;128.559.998;126.110.001;128.149.994;127.253.632;24239800
7.05.2019;126.459.999;127.180.000;124.220.001;125.519.997;124.642.029;36017700
8.05.2019;125.440.002;126.370.003;124.750.000;125.510.002;124.632.103;28419000
9.05.2019;124.290.001;125.790.001;123.570.000;125.500.000;124.622.177;27235800
10.05.2019;124.910.004;127.930.000;123.820.000;127.129.997;126.240.768;30915100
13.05.2019;124.110.001;125.550.003;123.040.001;123.349.998;122.487.213;33944900
14.05.2019;123.870.003;125.879.997;123.699.997;124.730.003;123.857.559;25266300
15.05.2019;124.260.002;126.709.999;123.699.997;126.019.997;125.601.746;24722700
16.05.2019;126.750.000;129.380.005;126.459.999;128.929.993;128.502.090;30112200
17.05.2019;128.309.998;130.460.007;127.919.998;128.070.007;127.644.958;25770500
20.05.2019;126.519.997;127.589.996;125.760.002;126.220.001;125.801.086;23706900
21.05.2019;127.430.000;127.529.999;126.580.002;126.900.002;126.478.836;15293300
22.05.2019;126.620.003;128.240.005;126.519.997;127.669.998;127.246.277;15396500
23.05.2019;126.199.997;126.290.001;124.739.998;126.180.000;125.761.223;23603800
24.05.2019;126.910.004;127.419.998;125.970.001;126.239.998;125.821.022;14123400
28.05.2019;126.980.003;128.000.000;126.050.003;126.160.004;125.741.287;23128400
29.05.2019;125.379.997;125.389.999;124.040.001;124.940.002;124.525.337;22763100
30.05.2019;125.260.002;125.760.002;124.779.999;125.730.003;125.312.714;16829600
31.05.2019;124.230.003;124.620.003;123.320.000;123.680.000;123.269.516;26646800
3.06.2019;123.849.998;124.370.003;119.010.002;119.839.996;119.442.261;37983600
4.06.2019;121.279.999;123.279.999;120.650.002;123.160.004;122.751.244;29382600
5.06.2019;124.949.997;125.870.003;124.209.999;125.830.002;125.412.384;24926100
6.06.2019;126.440.002;127.970.001;125.599.998;127.820.000;127.395.775;21459000
7.06.2019;129.190.002;132.250.000;128.259.995;131.399.994;130.963.882;33885600
10.06.2019;132.399.994;134.080.002;132.000.000;132.600.006;132.159.912;26477100
11.06.2019;133.880.005;134.240.005;131.279.999;132.100.006;131.661.575;23913700
12.06.2019;131.399.994;131.970.001;130.710.007;131.490.005;131.053.604;17092500
13.06.2019;131.979.996;133.000.000;131.559.998;132.320.007;131.880.844;17200800
14.06.2019;132.259.995;133.789.993;131.639.999;132.449.997;132.010.406;17821700
17.06.2019;132.630.005;133.729.996;132.529.999;132.850.006;132.409.088;14517800
18.06.2019;134.190.002;135.240.005;133.570.007;135.160.004;134.711.426;25934500
19.06.2019;135.000.000;135.929.993;133.809.998;135.690.002;135.239.655;23744400
20.06.2019;137.449.997;137.660.004;135.720.001;136.949.997;136.495.468;33042600
21.06.2019;136.580.002;137.729.996;136.460.007;136.970.001;136.515.411;36727900
24.06.2019;137.000.000;138.399.994;137.000.000;137.779.999;137.322.723;20628800
25.06.2019;137.250.000;137.589.996;132.729.996;133.429.993;132.987.152;33327400
26.06.2019;134.350.006;135.740.005;133.600.006;133.929.993;133.485.489;23657700
27.06.2019;134.139.999;134.710.007;133.509.995;134.149.994;133.704.758;16557500
28.06.2019;134.570.007;134.600.006;133.160.004;133.960.007;133.515.411;30043000
1.07.2019;136.630.005;136.699.997;134.970.001;135.679.993;135.229.691;22613500
2.07.2019;136.119.995;136.589.996;135.339.996;136.580.002;136.126.709;15237800
3.07.2019;136.800.003;137.740.005;136.289.993;137.460.007;137.003.784;13629300
5.07.2019;135.940.002;137.330.002;135.720.001;137.059.998;136.605.103;18141100
8.07.2019;136.399.994;137.100.006;135.369.995;136.960.007;136.505.447;16779700
9.07.2019;136.000.000;136.970.001;135.800.003;136.460.007;136.007.111;19953100
10.07.2019;137.130.005;138.580.002;137.020.004;137.850.006;137.392.502;24204400
11.07.2019;138.199.997;139.220.001;137.869.995;138.399.994;137.940.659;22327900
12.07.2019;138.850.006;139.130.005;138.009.995;138.899.994;138.438.995;18936800
15.07.2019;139.440.002;139.539.993;138.460.007;138.899.994;138.438.995;16651500
16.07.2019;138.960.007;139.050.003;136.520.004;137.080.002;136.625.046;22726100
17.07.2019;137.699.997;137.929.993;136.220.001;136.270.004;135.817.734;20211000
18.07.2019;135.550.003;136.619.995;134.669.998;136.419.998;135.967.239;30381800
19.07.2019;140.220.001;140.669.998;136.449.997;136.619.995;136.166.565;48992400
22.07.2019;137.410.004;139.190.002;137.330.002;138.429.993;137.970.551;25074900
23.07.2019;139.759.995;139.990.005;138.029.999;139.289.993;138.827.698;18034600
24.07.2019;138.899.994;140.740.005;138.850.006;140.720.001;140.252.960;20738300
25.07.2019;140.429.993;140.610.001;139.320.007;140.190.002;139.724.731;18356900
26.07.2019;140.369.995;141.679.993;140.300.003;141.339.996;140.870.895;19037600
29.07.2019;141.500.000;141.509.995;139.369.995;141.029.999;140.561.935;16605900
30.07.2019;140.139.999;141.220.001;139.800.003;140.350.006;139.884.201;16846500
31.07.2019;140.330.002;140.490.005;135.080.002;136.270.004;135.817.734;38598800
1.08.2019;137.000.000;140.940.002;136.929.993;138.059.998;137.601.791;40557500
2.08.2019;138.089.996;138.320.007;135.259.995;136.899.994;136.445.633;30791600
5.08.2019;133.300.003;133.929.993;130.779.999;132.210.007;131.771.210;42749600
6.08.2019;133.800.003;135.679.993;133.210.007;134.690.002;134.242.981;32696700
7.08.2019;133.789.993;135.649.994;131.830.002;135.279.999;134.831.024;33414500
8.08.2019;136.600.006;138.990.005;135.929.993;138.889.999;138.429.031;27496500
9.08.2019;138.610.001;139.380.005;136.460.007;137.710.007;137.252.960;23466700
12.08.2019;137.070.007;137.860.001;135.240.005;135.789.993;135.339.325;20484300
13.08.2019;136.050.003;138.800.003;135.000.000;138.600.006;138.139.999;25154600
14.08.2019;136.360.001;136.919.998;133.669.998;133.979.996;133.979.996;32527300
15.08.2019;134.389.999;134.580.002;132.250.000;133.679.993;133.679.993;28074400
16.08.2019;134.880.005;136.460.007;134.720.001;136.130.005;136.130.005;24449100
19.08.2019;137.850.006;138.550.003;136.889.999;138.410.004;138.410.004;24355700
20.08.2019;138.210.007;138.710.007;137.240.005;137.259.995;137.259.995;21170800
21.08.2019;138.550.003;139.490.005;138.000.000;138.789.993;138.789.993;14970300
22.08.2019;138.660.004;139.199.997;136.289.993;137.779.999;137.779.999;18697000
23.08.2019;137.190.002;138.350.006;132.800.003;133.389.999;133.389.999;38508600
26.08.2019;134.990.005;135.559.998;133.899.994;135.449.997;135.449.997;20312600
27.08.2019;136.389.999;136.720.001;134.660.004;135.740.005;135.740.005;23102100
28.08.2019;134.880.005;135.759.995;133.550.003;135.559.998;135.559.998;17393300
29.08.2019;137.250.000;138.440.002;136.910.004;138.119.995;138.119.995;20168700
30.08.2019;139.149.994;139.179.993;136.270.004;137.860.001;137.860.001;23940100
3.09.2019;136.610.001;137.199.997;135.699.997;136.039.993;136.039.993;18869300
4.09.2019;137.300.003;137.690.002;136.479.996;137.630.005;137.630.005;17995900
5.09.2019;139.110.001;140.380.005;138.759.995;140.050.003;140.050.003;26101800
6.09.2019;140.029.999;140.179.993;138.199.997;139.100.006;139.100.006;20824500
9.09.2019;139.589.996;139.750.000;136.460.007;137.520.004;137.520.004;25773900
10.09.2019;136.800.003;136.889.999;134.509.995;136.080.002;136.080.002;28903400
11.09.2019;135.910.004;136.270.004;135.089.996;136.119.995;136.119.995;24726100
12.09.2019;137.850.006;138.419.998;136.869.995;137.520.004;137.520.004;27010000
13.09.2019;137.779.999;138.059.998;136.570.007;137.320.007;137.320.007;23363100
16.09.2019;135.830.002;136.699.997;135.660.004;136.330.002;136.330.002;16731400
17.09.2019;136.960.007;137.520.004;136.429.993;137.389.999;137.389.999;17814200
18.09.2019;137.360.001;138.669.998;136.529.999;138.520.004;138.520.004;23982100
19.09.2019;140.300.003;142.369.995;140.070.007;141.070.007;141.070.007;35772100
20.09.2019;141.009.995;141.649.994;138.250.000;139.440.002;139.440.002;39167300
23.09.2019;139.229.996;139.630.005;138.440.002;139.139.999;139.139.999;17139300
24.09.2019;140.360.001;140.690.002;136.880.005;137.380.005;137.380.005;29773200
25.09.2019;137.500.000;139.960.007;136.029.999;139.360.001;139.360.001;21382000
26.09.2019;139.440.002;140.179.993;138.440.002;139.539.993;139.539.993;17456600
27.09.2019;140.149.994;140.360.001;136.649.994;137.729.996;137.729.996;22477700
